timestamp, name, utilization.gpu [%], utilization.memory [%], memory.used [MiB], memory.total [MiB], power.draw [W], temperature.gpu
2026/08/14 01:41:26.192, NVIDIA GeForce RTX 4090, 0 %, 0 %, 1 MiB, 49140 MiB, 101.60 W, 49
2026/08/14 01:41:27.199, NVIDIA GeForce RTX 4090, 0 %, 0 %, 1 MiB, 49140 MiB, 101.17 W, 49
2026/08/14 01:41:28.199, NVIDIA GeForce RTX 4090, 0 %, 0 %, 1 MiB, 49140 MiB, 90.86 W, 48
2026/08/14 01:41:29.199, NVIDIA GeForce RTX 4090, 0 %, 0 %, 1 MiB, 49140 MiB, 71.08 W, 47
2026/08/14 01:41:30.199, NVIDIA GeForce RTX 4090, 0 %, 0 %, 1 MiB, 49140 MiB, 49.96 W, 47
2026/08/14 01:41:31.200, NVIDIA GeForce RTX 4090, 0 %, 0 %, 4 MiB, 49140 MiB, 41.47 W, 46
2026/08/14 01:41:32.200, NVIDIA GeForce RTX 4090, 0 %, 0 %, 4 MiB, 49140 MiB, 40.44 W, 46
2026/08/14 01:41:33.200, NVIDIA GeForce RTX 4090, 0 %, 0 %, 4 MiB, 49140 MiB, 36.99 W, 46
2026/08/14 01:41:34.200, NVIDIA GeForce RTX 4090, 0 %, 0 %, 4 MiB, 49140 MiB, 36.43 W, 45
2026/08/14 01:41:35.200, NVIDIA GeForce RTX 4090, 0 %, 0 %, 4 MiB, 49140 MiB, 35.85 W, 45
2026/08/14 01:41:36.201, NVIDIA GeForce RTX 4090, 0 %, 0 %, 4 MiB, 49140 MiB, 35.30 W, 45
2026/08/14 01:41:37.201, NVIDIA GeForce RTX 4090, 0 %, 0 %, 4 MiB, 49140 MiB, 34.42 W, 45
2026/08/14 01:41:38.201, NVIDIA GeForce RTX 4090, 0 %, 0 %, 4 MiB, 49140 MiB, 33.70 W, 45
2026/08/14 01:41:39.201, NVIDIA GeForce RTX 4090, 0 %, 0 %, 4 MiB, 49140 MiB, 33.59 W, 44
2026/08/14 01:41:40.201, NVIDIA GeForce RTX 4090, 0 %, 0 %, 4 MiB, 49140 MiB, 33.69 W, 44
2026/08/14 01:41:41.202, NVIDIA GeForce RTX 4090, 0 %, 0 %, 4 MiB, 49140 MiB, 33.27 W, 44
2026/08/14 01:41:42.202, NVIDIA GeForce RTX 4090, 0 %, 0 %, 4 MiB, 49140 MiB, 32.79 W, 44
2026/08/14 01:41:43.202, NVIDIA GeForce RTX 4090, 0 %, 0 %, 4 MiB, 49140 MiB, 32.46 W, 44
2026/08/14 01:41:44.202, NVIDIA GeForce RTX 4090, 0 %, 0 %, 4 MiB, 49140 MiB, 32.04 W, 44
2026/08/14 01:41:45.203, NVIDIA GeForce RTX 4090, 0 %, 0 %, 4 MiB, 49140 MiB, 32.17 W, 44
2026/08/14 01:41:46.203, NVIDIA GeForce RTX 4090, 0 %, 0 %, 4 MiB, 49140 MiB, 32.29 W, 43
2026/08/14 01:41:47.203, NVIDIA GeForce RTX 4090, 0 %, 0 %, 4 MiB, 49140 MiB, 31.88 W, 43
2026/08/14 01:41:48.203, NVIDIA GeForce RTX 4090, 0 %, 0 %, 4 MiB, 49140 MiB, 31.32 W, 43
2026/08/14 01:41:49.203, NVIDIA GeForce RTX 4090, 0 %, 0 %, 4 MiB, 49140 MiB, 30.97 W, 43
2026/08/14 01:41:50.204, NVIDIA GeForce RTX 4090, 0 %, 0 %, 4 MiB, 49140 MiB, 31.06 W, 43
2026/08/14 01:41:51.204, NVIDIA GeForce RTX 4090, 0 %, 0 %, 4 MiB, 49140 MiB, 31.29 W, 43
2026/08/14 01:41:52.204, NVIDIA GeForce RTX 4090, 0 %, 0 %, 4 MiB, 49140 MiB, 30.97 W, 43
2026/08/14 01:41:53.204, NVIDIA GeForce RTX 4090, 0 %, 0 %, 4 MiB, 49140 MiB, 30.40 W, 43
2026/08/14 01:41:54.204, NVIDIA GeForce RTX 4090, 0 %, 0 %, 4 MiB, 49140 MiB, 30.23 W, 42
2026/08/14 01:41:55.204, NVIDIA GeForce RTX 4090, 0 %, 0 %, 4 MiB, 49140 MiB, 30.37 W, 42
2026/08/14 01:41:56.204, NVIDIA GeForce RTX 4090, 0 %, 0 %, 4 MiB, 49140 MiB, 30.48 W, 42
2026/08/14 01:41:57.205, NVIDIA GeForce RTX 4090, 0 %, 0 %, 4 MiB, 49140 MiB, 30.29 W, 42
2026/08/14 01:41:58.205, NVIDIA GeForce RTX 4090, 0 %, 0 %, 4 MiB, 49140 MiB, 30.30 W, 42
2026/08/14 01:41:59.283, NVIDIA GeForce RTX 4090, 0 %, 0 %, 4 MiB, 49140 MiB, 30.39 W, 42
2026/08/14 01:42:00.284, NVIDIA GeForce RTX 4090, 0 %, 0 %, 4 MiB, 49140 MiB, 30.27 W, 42
2026/08/14 01:42:01.284, NVIDIA GeForce RTX 4090, 0 %, 0 %, 4 MiB, 49140 MiB, 30.15 W, 42
2026/08/14 01:42:02.284, NVIDIA GeForce RTX 4090, 0 %, 0 %, 4 MiB, 49140 MiB, 30.28 W, 42
2026/08/14 01:42:03.284, NVIDIA GeForce RTX 4090, 0 %, 0 %, 4 MiB, 49140 MiB, 30.22 W, 42
2026/08/14 01:42:04.284, NVIDIA GeForce RTX 4090, 0 %, 0 %, 4 MiB, 49140 MiB, 29.77 W, 41
2026/08/14 01:42:05.285, NVIDIA GeForce RTX 4090, 0 %, 0 %, 4 MiB, 49140 MiB, 29.70 W, 41
2026/08/14 01:42:06.285, NVIDIA GeForce RTX 4090, 0 %, 0 %, 4 MiB, 49140 MiB, 29.79 W, 41
2026/08/14 01:42:07.285, NVIDIA GeForce RTX 4090, 0 %, 0 %, 4 MiB, 49140 MiB, 29.75 W, 41
2026/08/14 01:42:08.285, NVIDIA GeForce RTX 4090, 0 %, 0 %, 4 MiB, 49140 MiB, 29.70 W, 41
2026/08/14 01:42:09.286, NVIDIA GeForce RTX 4090, 0 %, 0 %, 4 MiB, 49140 MiB, 29.48 W, 41
2026/08/14 01:42:10.286, NVIDIA GeForce RTX 4090, 0 %, 0 %, 4 MiB, 49140 MiB, 29.35 W, 41
2026/08/14 01:42:11.286, NVIDIA GeForce RTX 4090, 0 %, 0 %, 4 MiB, 49140 MiB, 29.49 W, 41
2026/08/14 01:42:12.287, NVIDIA GeForce RTX 4090, 0 %, 0 %, 3524 MiB, 49140 MiB, 31.22 W, 42
2026/08/14 01:42:13.287, NVIDIA GeForce RTX 4090, 50 %, 1 %, 10304 MiB, 49140 MiB, 85.66 W, 43
2026/08/14 01:42:14.287, NVIDIA GeForce RTX 4090, 75 %, 1 %, 18994 MiB, 49140 MiB, 92.15 W, 43
2026/08/14 01:42:15.288, NVIDIA GeForce RTX 4090, 62 %, 23 %, 19202 MiB, 49140 MiB, 200.08 W, 49
2026/08/14 01:42:16.288, NVIDIA GeForce RTX 4090, 62 %, 32 %, 19202 MiB, 49140 MiB, 264.44 W, 51
2026/08/14 01:42:17.288, NVIDIA GeForce RTX 4090, 69 %, 42 %, 19204 MiB, 49140 MiB, 278.63 W, 55
2026/08/14 01:42:18.288, NVIDIA GeForce RTX 4090, 87 %, 46 %, 19204 MiB, 49140 MiB, 277.20 W, 52
2026/08/14 01:42:19.288, NVIDIA GeForce RTX 4090, 35 %, 12 %, 19204 MiB, 49140 MiB, 282.34 W, 50
2026/08/14 01:42:20.288, NVIDIA GeForce RTX 4090, 39 %, 13 %, 19204 MiB, 49140 MiB, 261.62 W, 50
2026/08/14 01:42:21.289, NVIDIA GeForce RTX 4090, 57 %, 22 %, 19206 MiB, 49140 MiB, 265.19 W, 51
2026/08/14 01:42:22.289, NVIDIA GeForce RTX 4090, 59 %, 36 %, 19206 MiB, 49140 MiB, 273.50 W, 54
2026/08/14 01:42:23.289, NVIDIA GeForce RTX 4090, 67 %, 41 %, 19206 MiB, 49140 MiB, 270.73 W, 57
2026/08/14 01:42:24.289, NVIDIA GeForce RTX 4090, 88 %, 46 %, 19206 MiB, 49140 MiB, 281.79 W, 54
2026/08/14 01:42:25.289, NVIDIA GeForce RTX 4090, 25 %, 10 %, 19206 MiB, 49140 MiB, 268.32 W, 51
2026/08/14 01:42:26.290, NVIDIA GeForce RTX 4090, 35 %, 12 %, 19206 MiB, 49140 MiB, 261.72 W, 52
2026/08/14 01:42:27.290, NVIDIA GeForce RTX 4090, 20 %, 7 %, 19206 MiB, 49140 MiB, 260.01 W, 51
2026/08/14 01:42:28.290, NVIDIA GeForce RTX 4090, 57 %, 19 %, 19206 MiB, 49140 MiB, 264.05 W, 53
2026/08/14 01:42:29.290, NVIDIA GeForce RTX 4090, 58 %, 23 %, 19206 MiB, 49140 MiB, 269.24 W, 54
2026/08/14 01:42:30.291, NVIDIA GeForce RTX 4090, 68 %, 38 %, 19206 MiB, 49140 MiB, 281.78 W, 61
2026/08/14 01:42:31.291, NVIDIA GeForce RTX 4090, 88 %, 46 %, 19206 MiB, 49140 MiB, 294.76 W, 56
2026/08/14 01:42:32.291, NVIDIA GeForce RTX 4090, 62 %, 27 %, 19206 MiB, 49140 MiB, 279.21 W, 55
2026/08/14 01:42:33.292, NVIDIA GeForce RTX 4090, 39 %, 14 %, 19206 MiB, 49140 MiB, 267.53 W, 54
2026/08/14 01:42:34.292, NVIDIA GeForce RTX 4090, 42 %, 15 %, 19206 MiB, 49140 MiB, 260.19 W, 54
2026/08/14 01:42:35.292, NVIDIA GeForce RTX 4090, 44 %, 16 %, 19206 MiB, 49140 MiB, 270.62 W, 54
2026/08/14 01:42:36.292, NVIDIA GeForce RTX 4090, 56 %, 28 %, 19206 MiB, 49140 MiB, 270.81 W, 58
2026/08/14 01:42:37.293, NVIDIA GeForce RTX 4090, 67 %, 39 %, 19206 MiB, 49140 MiB, 285.70 W, 62
2026/08/14 01:42:38.293, NVIDIA GeForce RTX 4090, 53 %, 25 %, 19206 MiB, 49140 MiB, 293.86 W, 56
2026/08/14 01:42:39.293, NVIDIA GeForce RTX 4090, 32 %, 11 %, 19206 MiB, 49140 MiB, 271.41 W, 54
2026/08/14 01:42:40.294, NVIDIA GeForce RTX 4090, 41 %, 14 %, 19206 MiB, 49140 MiB, 265.80 W, 54
2026/08/14 01:42:41.294, NVIDIA GeForce RTX 4090, 46 %, 18 %, 19206 MiB, 49140 MiB, 276.49 W, 55
2026/08/14 01:42:42.294, NVIDIA GeForce RTX 4090, 91 %, 50 %, 19206 MiB, 49140 MiB, 292.56 W, 63
2026/08/14 01:42:43.295, NVIDIA GeForce RTX 4090, 89 %, 47 %, 19206 MiB, 49140 MiB, 303.57 W, 58
2026/08/14 01:42:44.295, NVIDIA GeForce RTX 4090, 37 %, 13 %, 19206 MiB, 49140 MiB, 293.86 W, 56
2026/08/14 01:42:45.295, NVIDIA GeForce RTX 4090, 40 %, 14 %, 19206 MiB, 49140 MiB, 271.98 W, 55
2026/08/14 01:42:46.295, NVIDIA GeForce RTX 4090, 57 %, 20 %, 19206 MiB, 49140 MiB, 263.76 W, 56
2026/08/14 01:42:47.296, NVIDIA GeForce RTX 4090, 54 %, 27 %, 19206 MiB, 49140 MiB, 277.25 W, 60
2026/08/14 01:42:48.296, NVIDIA GeForce RTX 4090, 69 %, 39 %, 19206 MiB, 49140 MiB, 278.25 W, 64
2026/08/14 01:42:49.296, NVIDIA GeForce RTX 4090, 84 %, 43 %, 19206 MiB, 49140 MiB, 295.45 W, 59
2026/08/14 01:42:50.296, NVIDIA GeForce RTX 4090, 42 %, 16 %, 19206 MiB, 49140 MiB, 292.73 W, 57
2026/08/14 01:42:51.297, NVIDIA GeForce RTX 4090, 42 %, 15 %, 19206 MiB, 49140 MiB, 262.07 W, 56
2026/08/14 01:42:52.297, NVIDIA GeForce RTX 4090, 46 %, 15 %, 19206 MiB, 49140 MiB, 276.58 W, 57
2026/08/14 01:42:53.297, NVIDIA GeForce RTX 4090, 60 %, 25 %, 19206 MiB, 49140 MiB, 277.20 W, 58
2026/08/14 01:42:54.297, NVIDIA GeForce RTX 4090, 69 %, 39 %, 19206 MiB, 49140 MiB, 281.53 W, 63
2026/08/14 01:42:55.298, NVIDIA GeForce RTX 4090, 77 %, 40 %, 19206 MiB, 49140 MiB, 296.05 W, 61
2026/08/14 01:42:56.298, NVIDIA GeForce RTX 4090, 55 %, 26 %, 19206 MiB, 49140 MiB, 283.62 W, 57
2026/08/14 01:42:57.298, NVIDIA GeForce RTX 4090, 25 %, 9 %, 19206 MiB, 49140 MiB, 273.10 W, 57
2026/08/14 01:42:58.298, NVIDIA GeForce RTX 4090, 100 %, 55 %, 19206 MiB, 49140 MiB, 313.32 W, 66
2026/08/14 01:42:59.299, NVIDIA GeForce RTX 4090, 49 %, 24 %, 19206 MiB, 49140 MiB, 300.52 W, 62
2026/08/14 01:43:00.299, NVIDIA GeForce RTX 4090, 69 %, 39 %, 19206 MiB, 49140 MiB, 288.88 W, 67
2026/08/14 01:43:01.299, NVIDIA GeForce RTX 4090, 87 %, 46 %, 19206 MiB, 49140 MiB, 291.36 W, 60
2026/08/14 01:43:02.300, NVIDIA GeForce RTX 4090, 39 %, 15 %, 19206 MiB, 49140 MiB, 281.45 W, 57
2026/08/14 01:43:03.300, NVIDIA GeForce RTX 4090, 30 %, 11 %, 19206 MiB, 49140 MiB, 268.16 W, 57
2026/08/14 01:43:04.300, NVIDIA GeForce RTX 4090, 40 %, 15 %, 19206 MiB, 49140 MiB, 266.14 W, 57
2026/08/14 01:43:05.300, NVIDIA GeForce RTX 4090, 38 %, 13 %, 19206 MiB, 49140 MiB, 270.13 W, 57
2026/08/14 01:43:06.300, NVIDIA GeForce RTX 4090, 48 %, 17 %, 19206 MiB, 49140 MiB, 272.26 W, 58
2026/08/14 01:43:07.301, NVIDIA GeForce RTX 4090, 61 %, 28 %, 19206 MiB, 49140 MiB, 280.87 W, 60
2026/08/14 01:43:08.301, NVIDIA GeForce RTX 4090, 67 %, 40 %, 19206 MiB, 49140 MiB, 297.07 W, 65
2026/08/14 01:43:09.301, NVIDIA GeForce RTX 4090, 87 %, 46 %, 19206 MiB, 49140 MiB, 289.70 W, 61
2026/08/14 01:43:10.301, NVIDIA GeForce RTX 4090, 41 %, 17 %, 19206 MiB, 49140 MiB, 273.05 W, 58
2026/08/14 01:43:11.301, NVIDIA GeForce RTX 4090, 46 %, 17 %, 19206 MiB, 49140 MiB, 270.97 W, 58
2026/08/14 01:43:12.302, NVIDIA GeForce RTX 4090, 42 %, 15 %, 19206 MiB, 49140 MiB, 271.63 W, 57
2026/08/14 01:43:13.302, NVIDIA GeForce RTX 4090, 39 %, 13 %, 19206 MiB, 49140 MiB, 267.00 W, 57
2026/08/14 01:43:14.302, NVIDIA GeForce RTX 4090, 53 %, 19 %, 19206 MiB, 49140 MiB, 266.43 W, 58
2026/08/14 01:43:15.302, NVIDIA GeForce RTX 4090, 48 %, 19 %, 19206 MiB, 49140 MiB, 270.19 W, 59
2026/08/14 01:43:16.302, NVIDIA GeForce RTX 4090, 69 %, 38 %, 19206 MiB, 49140 MiB, 281.62 W, 64
2026/08/14 01:43:17.302, NVIDIA GeForce RTX 4090, 89 %, 47 %, 19206 MiB, 49140 MiB, 301.49 W, 61
2026/08/14 01:43:18.303, NVIDIA GeForce RTX 4090, 39 %, 15 %, 19206 MiB, 49140 MiB, 295.17 W, 58
2026/08/14 01:43:19.303, NVIDIA GeForce RTX 4090, 42 %, 15 %, 19206 MiB, 49140 MiB, 275.51 W, 58
2026/08/14 01:43:20.303, NVIDIA GeForce RTX 4090, 47 %, 15 %, 19206 MiB, 49140 MiB, 268.75 W, 58
2026/08/14 01:43:21.303, NVIDIA GeForce RTX 4090, 51 %, 20 %, 19206 MiB, 49140 MiB, 266.98 W, 58
2026/08/14 01:43:22.303, NVIDIA GeForce RTX 4090, 51 %, 29 %, 19206 MiB, 49140 MiB, 278.47 W, 65
2026/08/14 01:43:23.304, NVIDIA GeForce RTX 4090, 69 %, 41 %, 19206 MiB, 49140 MiB, 279.94 W, 65
2026/08/14 01:43:24.304, NVIDIA GeForce RTX 4090, 87 %, 45 %, 19206 MiB, 49140 MiB, 289.65 W, 62
2026/08/14 01:43:25.304, NVIDIA GeForce RTX 4090, 57 %, 24 %, 19206 MiB, 49140 MiB, 286.76 W, 59
2026/08/14 01:43:26.304, NVIDIA GeForce RTX 4090, 37 %, 13 %, 19206 MiB, 49140 MiB, 273.73 W, 58
2026/08/14 01:43:27.304, NVIDIA GeForce RTX 4090, 35 %, 12 %, 19206 MiB, 49140 MiB, 268.77 W, 58
2026/08/14 01:43:28.305, NVIDIA GeForce RTX 4090, 49 %, 17 %, 19206 MiB, 49140 MiB, 273.24 W, 59
2026/08/14 01:43:29.305, NVIDIA GeForce RTX 4090, 46 %, 19 %, 19206 MiB, 49140 MiB, 270.26 W, 60
2026/08/14 01:43:30.305, NVIDIA GeForce RTX 4090, 53 %, 28 %, 19206 MiB, 49140 MiB, 272.08 W, 66
2026/08/14 01:43:31.305, NVIDIA GeForce RTX 4090, 92 %, 53 %, 19206 MiB, 49140 MiB, 298.21 W, 63
2026/08/14 01:43:32.306, NVIDIA GeForce RTX 4090, 48 %, 20 %, 19206 MiB, 49140 MiB, 296.55 W, 59
2026/08/14 01:43:33.306, NVIDIA GeForce RTX 4090, 33 %, 12 %, 19206 MiB, 49140 MiB, 278.91 W, 58
2026/08/14 01:43:34.306, NVIDIA GeForce RTX 4090, 42 %, 14 %, 19206 MiB, 49140 MiB, 275.68 W, 59
2026/08/14 01:43:35.307, NVIDIA GeForce RTX 4090, 47 %, 20 %, 19206 MiB, 49140 MiB, 278.12 W, 65
2026/08/14 01:43:36.307, NVIDIA GeForce RTX 4090, 68 %, 41 %, 19206 MiB, 49140 MiB, 295.16 W, 66
2026/08/14 01:43:37.307, NVIDIA GeForce RTX 4090, 88 %, 39 %, 19206 MiB, 49140 MiB, 305.35 W, 61
2026/08/14 01:43:38.307, NVIDIA GeForce RTX 4090, 51 %, 18 %, 19206 MiB, 49140 MiB, 287.33 W, 59
2026/08/14 01:43:39.307, NVIDIA GeForce RTX 4090, 41 %, 15 %, 19206 MiB, 49140 MiB, 276.11 W, 64
2026/08/14 01:43:40.308, NVIDIA GeForce RTX 4090, 54 %, 28 %, 19206 MiB, 49140 MiB, 289.38 W, 67
2026/08/14 01:43:41.308, NVIDIA GeForce RTX 4090, 85 %, 47 %, 19206 MiB, 49140 MiB, 303.16 W, 67
2026/08/14 01:43:42.308, NVIDIA GeForce RTX 4090, 100 %, 55 %, 19206 MiB, 49140 MiB, 303.78 W, 67
2026/08/14 01:43:43.309, NVIDIA GeForce RTX 4090, 0 %, 0 %, 19206 MiB, 49140 MiB, 245.71 W, 55
2026/08/14 01:43:44.309, NVIDIA GeForce RTX 4090, 0 %, 0 %, 19206 MiB, 49140 MiB, 105.82 W, 54
2026/08/14 01:43:45.309, NVIDIA GeForce RTX 4090, 0 %, 0 %, 19206 MiB, 49140 MiB, 94.52 W, 52
2026/08/14 01:43:46.309, NVIDIA GeForce RTX 4090, 38 %, 15 %, 19206 MiB, 49140 MiB, 203.96 W, 60
2026/08/14 01:43:47.310, NVIDIA GeForce RTX 4090, 55 %, 28 %, 19206 MiB, 49140 MiB, 274.95 W, 65
2026/08/14 01:43:48.310, NVIDIA GeForce RTX 4090, 63 %, 38 %, 19206 MiB, 49140 MiB, 282.17 W, 65
2026/08/14 01:43:49.310, NVIDIA GeForce RTX 4090, 89 %, 48 %, 19206 MiB, 49140 MiB, 292.62 W, 65
2026/08/14 01:43:50.311, NVIDIA GeForce RTX 4090, 49 %, 18 %, 19206 MiB, 49140 MiB, 297.15 W, 59
2026/08/14 01:43:51.311, NVIDIA GeForce RTX 4090, 18 %, 6 %, 19206 MiB, 49140 MiB, 270.63 W, 57
2026/08/14 01:43:52.311, NVIDIA GeForce RTX 4090, 24 %, 9 %, 19206 MiB, 49140 MiB, 267.21 W, 57
2026/08/14 01:43:53.312, NVIDIA GeForce RTX 4090, 35 %, 12 %, 19206 MiB, 49140 MiB, 257.63 W, 58
2026/08/14 01:43:54.312, NVIDIA GeForce RTX 4090, 35 %, 12 %, 19206 MiB, 49140 MiB, 256.97 W, 58
2026/08/14 01:43:55.312, NVIDIA GeForce RTX 4090, 37 %, 12 %, 19206 MiB, 49140 MiB, 275.09 W, 59
2026/08/14 01:43:56.313, NVIDIA GeForce RTX 4090, 42 %, 17 %, 19206 MiB, 49140 MiB, 280.15 W, 62
2026/08/14 01:43:57.313, NVIDIA GeForce RTX 4090, 51 %, 26 %, 19206 MiB, 49140 MiB, 284.67 W, 65
2026/08/14 01:43:58.313, NVIDIA GeForce RTX 4090, 92 %, 53 %, 19206 MiB, 49140 MiB, 300.04 W, 66
2026/08/14 01:43:59.313, NVIDIA GeForce RTX 4090, 54 %, 24 %, 19206 MiB, 49140 MiB, 284.01 W, 60
2026/08/14 01:44:00.314, NVIDIA GeForce RTX 4090, 34 %, 12 %, 19206 MiB, 49140 MiB, 275.13 W, 59
2026/08/14 01:44:01.314, NVIDIA GeForce RTX 4090, 35 %, 12 %, 19206 MiB, 49140 MiB, 281.46 W, 60
2026/08/14 01:44:02.314, NVIDIA GeForce RTX 4090, 44 %, 17 %, 19206 MiB, 49140 MiB, 285.29 W, 63
2026/08/14 01:44:03.315, NVIDIA GeForce RTX 4090, 70 %, 39 %, 19206 MiB, 49140 MiB, 300.82 W, 65
2026/08/14 01:44:04.315, NVIDIA GeForce RTX 4090, 50 %, 26 %, 19206 MiB, 49140 MiB, 311.49 W, 63
2026/08/14 01:44:05.315, NVIDIA GeForce RTX 4090, 30 %, 10 %, 19206 MiB, 49140 MiB, 275.09 W, 59
2026/08/14 01:44:06.316, NVIDIA GeForce RTX 4090, 39 %, 14 %, 19206 MiB, 49140 MiB, 308.61 W, 59
2026/08/14 01:44:07.383, NVIDIA GeForce RTX 4090, 32 %, 12 %, 19206 MiB, 49140 MiB, 312.70 W, 60
2026/08/14 01:44:08.384, NVIDIA GeForce RTX 4090, 38 %, 12 %, 19206 MiB, 49140 MiB, 270.12 W, 60
2026/08/14 01:44:09.384, NVIDIA GeForce RTX 4090, 40 %, 16 %, 19206 MiB, 49140 MiB, 279.62 W, 61
2026/08/14 01:44:10.384, NVIDIA GeForce RTX 4090, 69 %, 42 %, 19206 MiB, 49140 MiB, 297.67 W, 65
2026/08/14 01:44:11.384, NVIDIA GeForce RTX 4090, 50 %, 27 %, 19206 MiB, 49140 MiB, 296.70 W, 67
2026/08/14 01:44:12.385, NVIDIA GeForce RTX 4090, 26 %, 9 %, 19206 MiB, 49140 MiB, 284.09 W, 61
2026/08/14 01:44:13.385, NVIDIA GeForce RTX 4090, 39 %, 14 %, 19206 MiB, 49140 MiB, 268.86 W, 61
2026/08/14 01:44:14.385, NVIDIA GeForce RTX 4090, 32 %, 11 %, 19206 MiB, 49140 MiB, 273.94 W, 60
2026/08/14 01:44:15.385, NVIDIA GeForce RTX 4090, 37 %, 16 %, 19206 MiB, 49140 MiB, 279.44 W, 61
2026/08/14 01:44:16.386, NVIDIA GeForce RTX 4090, 92 %, 53 %, 19206 MiB, 49140 MiB, 306.26 W, 65
2026/08/14 01:44:17.386, NVIDIA GeForce RTX 4090, 56 %, 28 %, 19206 MiB, 49140 MiB, 295.57 W, 66
2026/08/14 01:44:18.386, NVIDIA GeForce RTX 4090, 34 %, 13 %, 19206 MiB, 49140 MiB, 281.58 W, 61
2026/08/14 01:44:19.387, NVIDIA GeForce RTX 4090, 35 %, 12 %, 19206 MiB, 49140 MiB, 273.17 W, 60
2026/08/14 01:44:20.387, NVIDIA GeForce RTX 4090, 39 %, 15 %, 19206 MiB, 49140 MiB, 274.52 W, 61
2026/08/14 01:44:21.387, NVIDIA GeForce RTX 4090, 53 %, 29 %, 19206 MiB, 49140 MiB, 285.69 W, 65
2026/08/14 01:44:22.387, NVIDIA GeForce RTX 4090, 93 %, 53 %, 19206 MiB, 49140 MiB, 301.57 W, 66
2026/08/14 01:44:23.388, NVIDIA GeForce RTX 4090, 56 %, 28 %, 19206 MiB, 49140 MiB, 299.51 W, 67
2026/08/14 01:44:24.388, NVIDIA GeForce RTX 4090, 30 %, 11 %, 19206 MiB, 49140 MiB, 283.34 W, 61
2026/08/14 01:44:25.388, NVIDIA GeForce RTX 4090, 36 %, 12 %, 19206 MiB, 49140 MiB, 281.26 W, 61
2026/08/14 01:44:26.388, NVIDIA GeForce RTX 4090, 44 %, 17 %, 19206 MiB, 49140 MiB, 273.53 W, 62
2026/08/14 01:44:27.389, NVIDIA GeForce RTX 4090, 53 %, 29 %, 19206 MiB, 49140 MiB, 277.63 W, 66
2026/08/14 01:44:28.389, NVIDIA GeForce RTX 4090, 99 %, 56 %, 19206 MiB, 49140 MiB, 296.02 W, 65
2026/08/14 01:44:29.389, NVIDIA GeForce RTX 4090, 31 %, 11 %, 19206 MiB, 49140 MiB, 364.87 W, 61
2026/08/14 01:44:30.389, NVIDIA GeForce RTX 4090, 29 %, 9 %, 19206 MiB, 49140 MiB, 273.83 W, 61
2026/08/14 01:44:31.389, NVIDIA GeForce RTX 4090, 45 %, 17 %, 19206 MiB, 49140 MiB, 273.85 W, 62
2026/08/14 01:44:32.389, NVIDIA GeForce RTX 4090, 52 %, 28 %, 19206 MiB, 49140 MiB, 278.96 W, 66
2026/08/14 01:44:33.390, NVIDIA GeForce RTX 4090, 94 %, 53 %, 19206 MiB, 49140 MiB, 303.37 W, 67
2026/08/14 01:44:34.390, NVIDIA GeForce RTX 4090, 40 %, 14 %, 19206 MiB, 49140 MiB, 313.79 W, 64
2026/08/14 01:44:35.390, NVIDIA GeForce RTX 4090, 34 %, 12 %, 19206 MiB, 49140 MiB, 282.31 W, 61
2026/08/14 01:44:36.390, NVIDIA GeForce RTX 4090, 31 %, 12 %, 19206 MiB, 49140 MiB, 278.90 W, 62
2026/08/14 01:44:37.391, NVIDIA GeForce RTX 4090, 68 %, 41 %, 19206 MiB, 49140 MiB, 293.45 W, 66
2026/08/14 01:44:38.391, NVIDIA GeForce RTX 4090, 87 %, 42 %, 19206 MiB, 49140 MiB, 322.12 W, 68
2026/08/14 01:44:39.391, NVIDIA GeForce RTX 4090, 24 %, 8 %, 19206 MiB, 49140 MiB, 281.14 W, 60
2026/08/14 01:44:40.391, NVIDIA GeForce RTX 4090, 36 %, 12 %, 19206 MiB, 49140 MiB, 272.90 W, 62
2026/08/14 01:44:41.391, NVIDIA GeForce RTX 4090, 45 %, 17 %, 19206 MiB, 49140 MiB, 278.16 W, 63
2026/08/14 01:44:42.392, NVIDIA GeForce RTX 4090, 71 %, 39 %, 19206 MiB, 49140 MiB, 288.84 W, 66
2026/08/14 01:44:43.392, NVIDIA GeForce RTX 4090, 54 %, 31 %, 19206 MiB, 49140 MiB, 310.37 W, 67
2026/08/14 01:44:44.392, NVIDIA GeForce RTX 4090, 27 %, 10 %, 19206 MiB, 49140 MiB, 281.46 W, 61
2026/08/14 01:44:45.392, NVIDIA GeForce RTX 4090, 34 %, 11 %, 19206 MiB, 49140 MiB, 282.02 W, 62
2026/08/14 01:44:46.393, NVIDIA GeForce RTX 4090, 41 %, 16 %, 19206 MiB, 49140 MiB, 282.42 W, 61
2026/08/14 01:44:47.393, NVIDIA GeForce RTX 4090, 69 %, 39 %, 19206 MiB, 49140 MiB, 285.60 W, 67
2026/08/14 01:44:48.393, NVIDIA GeForce RTX 4090, 89 %, 45 %, 19206 MiB, 49140 MiB, 310.64 W, 67
2026/08/14 01:44:49.393, NVIDIA GeForce RTX 4090, 32 %, 11 %, 19206 MiB, 49140 MiB, 288.47 W, 62
2026/08/14 01:44:50.393, NVIDIA GeForce RTX 4090, 25 %, 8 %, 19206 MiB, 49140 MiB, 274.11 W, 62
2026/08/14 01:44:51.394, NVIDIA GeForce RTX 4090, 35 %, 13 %, 19206 MiB, 49140 MiB, 272.43 W, 63
2026/08/14 01:44:52.394, NVIDIA GeForce RTX 4090, 71 %, 39 %, 19206 MiB, 49140 MiB, 291.97 W, 67
2026/08/14 01:44:53.394, NVIDIA GeForce RTX 4090, 90 %, 47 %, 19206 MiB, 49140 MiB, 308.80 W, 67
2026/08/14 01:44:54.394, NVIDIA GeForce RTX 4090, 31 %, 11 %, 19206 MiB, 49140 MiB, 292.71 W, 62
2026/08/14 01:44:55.394, NVIDIA GeForce RTX 4090, 39 %, 13 %, 19206 MiB, 49140 MiB, 283.05 W, 63
2026/08/14 01:44:56.395, NVIDIA GeForce RTX 4090, 53 %, 27 %, 19206 MiB, 49140 MiB, 288.30 W, 67
2026/08/14 01:44:57.395, NVIDIA GeForce RTX 4090, 66 %, 40 %, 19206 MiB, 49140 MiB, 286.43 W, 67
2026/08/14 01:44:58.395, NVIDIA GeForce RTX 4090, 52 %, 29 %, 19206 MiB, 49140 MiB, 299.47 W, 67
2026/08/14 01:44:59.395, NVIDIA GeForce RTX 4090, 37 %, 14 %, 19206 MiB, 49140 MiB, 279.45 W, 64
2026/08/14 01:45:00.396, NVIDIA GeForce RTX 4090, 24 %, 8 %, 19206 MiB, 49140 MiB, 281.16 W, 63
2026/08/14 01:45:01.396, NVIDIA GeForce RTX 4090, 34 %, 11 %, 19206 MiB, 49140 MiB, 272.01 W, 62
2026/08/14 01:45:02.396, NVIDIA GeForce RTX 4090, 52 %, 27 %, 19206 MiB, 49140 MiB, 289.88 W, 66
2026/08/14 01:45:03.397, NVIDIA GeForce RTX 4090, 71 %, 40 %, 19206 MiB, 49140 MiB, 287.13 W, 67
2026/08/14 01:45:04.397, NVIDIA GeForce RTX 4090, 70 %, 39 %, 19206 MiB, 49140 MiB, 290.79 W, 66
2026/08/14 01:45:05.397, NVIDIA GeForce RTX 4090, 52 %, 26 %, 19206 MiB, 49140 MiB, 290.29 W, 67
2026/08/14 01:45:06.397, NVIDIA GeForce RTX 4090, 27 %, 11 %, 19206 MiB, 49140 MiB, 273.75 W, 62
2026/08/14 01:45:07.397, NVIDIA GeForce RTX 4090, 15 %, 6 %, 19206 MiB, 49140 MiB, 275.65 W, 64
2026/08/14 01:45:08.398, NVIDIA GeForce RTX 4090, 35 %, 12 %, 19206 MiB, 49140 MiB, 266.78 W, 62
2026/08/14 01:45:09.398, NVIDIA GeForce RTX 4090, 34 %, 11 %, 19206 MiB, 49140 MiB, 271.28 W, 62
2026/08/14 01:45:10.398, NVIDIA GeForce RTX 4090, 42 %, 17 %, 19206 MiB, 49140 MiB, 277.96 W, 65
2026/08/14 01:45:11.398, NVIDIA GeForce RTX 4090, 73 %, 41 %, 19206 MiB, 49140 MiB, 290.62 W, 67
2026/08/14 01:45:12.398, NVIDIA GeForce RTX 4090, 0 %, 0 %, 19206 MiB, 49140 MiB, 315.44 W, 57
2026/08/14 01:45:13.398, NVIDIA GeForce RTX 4090, 0 %, 0 %, 19206 MiB, 49140 MiB, 106.10 W, 55
2026/08/14 01:45:14.398, NVIDIA GeForce RTX 4090, 0 %, 0 %, 19206 MiB, 49140 MiB, 101.57 W, 53
2026/08/14 01:45:15.399, NVIDIA GeForce RTX 4090, 18 %, 8 %, 19206 MiB, 49140 MiB, 136.97 W, 59
2026/08/14 01:45:16.399, NVIDIA GeForce RTX 4090, 18 %, 8 %, 19206 MiB, 49140 MiB, 255.18 W, 60
2026/08/14 01:45:17.399, NVIDIA GeForce RTX 4090, 16 %, 7 %, 19206 MiB, 49140 MiB, 262.66 W, 60
2026/08/14 01:45:18.399, NVIDIA GeForce RTX 4090, 17 %, 7 %, 19206 MiB, 49140 MiB, 255.99 W, 60
2026/08/14 01:45:19.399, NVIDIA GeForce RTX 4090, 14 %, 6 %, 19206 MiB, 49140 MiB, 253.41 W, 60
2026/08/14 01:45:20.399, NVIDIA GeForce RTX 4090, 20 %, 8 %, 19206 MiB, 49140 MiB, 255.90 W, 60
2026/08/14 01:45:21.400, NVIDIA GeForce RTX 4090, 17 %, 8 %, 19206 MiB, 49140 MiB, 260.47 W, 60
2026/08/14 01:45:22.400, NVIDIA GeForce RTX 4090, 34 %, 12 %, 19206 MiB, 49140 MiB, 265.13 W, 63
2026/08/14 01:45:23.400, NVIDIA GeForce RTX 4090, 30 %, 12 %, 19206 MiB, 49140 MiB, 252.07 W, 61
2026/08/14 01:45:24.400, NVIDIA GeForce RTX 4090, 35 %, 12 %, 19206 MiB, 49140 MiB, 269.19 W, 63
2026/08/14 01:45:25.400, NVIDIA GeForce RTX 4090, 8 %, 3 %, 19206 MiB, 49140 MiB, 258.56 W, 60
2026/08/14 01:45:26.401, NVIDIA GeForce RTX 4090, 18 %, 6 %, 19206 MiB, 49140 MiB, 255.42 W, 60
2026/08/14 01:45:27.401, NVIDIA GeForce RTX 4090, 33 %, 12 %, 19206 MiB, 49140 MiB, 266.70 W, 62
2026/08/14 01:45:28.401, NVIDIA GeForce RTX 4090, 34 %, 11 %, 19206 MiB, 49140 MiB, 268.76 W, 64
2026/08/14 01:45:29.401, NVIDIA GeForce RTX 4090, 31 %, 11 %, 19206 MiB, 49140 MiB, 261.33 W, 63
2026/08/14 01:45:30.402, NVIDIA GeForce RTX 4090, 22 %, 8 %, 19206 MiB, 49140 MiB, 253.11 W, 60
2026/08/14 01:45:31.402, NVIDIA GeForce RTX 4090, 37 %, 12 %, 19206 MiB, 49140 MiB, 253.69 W, 64
2026/08/14 01:45:32.402, NVIDIA GeForce RTX 4090, 25 %, 8 %, 19206 MiB, 49140 MiB, 260.40 W, 60
2026/08/14 01:45:33.402, NVIDIA GeForce RTX 4090, 28 %, 10 %, 19206 MiB, 49140 MiB, 262.82 W, 62
2026/08/14 01:45:34.403, NVIDIA GeForce RTX 4090, 38 %, 14 %, 19206 MiB, 49140 MiB, 263.61 W, 61
2026/08/14 01:45:35.403, NVIDIA GeForce RTX 4090, 42 %, 21 %, 19206 MiB, 49140 MiB, 281.30 W, 63
2026/08/14 01:45:36.403, NVIDIA GeForce RTX 4090, 70 %, 38 %, 19206 MiB, 49140 MiB, 285.20 W, 65
2026/08/14 01:45:37.403, NVIDIA GeForce RTX 4090, 48 %, 24 %, 19206 MiB, 49140 MiB, 298.93 W, 65
2026/08/14 01:45:38.403, NVIDIA GeForce RTX 4090, 39 %, 14 %, 19206 MiB, 49140 MiB, 287.51 W, 62
2026/08/14 01:45:39.404, NVIDIA GeForce RTX 4090, 27 %, 9 %, 19206 MiB, 49140 MiB, 283.04 W, 65
2026/08/14 01:45:40.404, NVIDIA GeForce RTX 4090, 42 %, 16 %, 19206 MiB, 49140 MiB, 281.01 W, 64
2026/08/14 01:45:41.404, NVIDIA GeForce RTX 4090, 68 %, 36 %, 19206 MiB, 49140 MiB, 288.65 W, 65
2026/08/14 01:45:42.405, NVIDIA GeForce RTX 4090, 94 %, 54 %, 19206 MiB, 49140 MiB, 301.45 W, 65
2026/08/14 01:45:43.405, NVIDIA GeForce RTX 4090, 51 %, 23 %, 19206 MiB, 49140 MiB, 296.17 W, 65
2026/08/14 01:45:44.405, NVIDIA GeForce RTX 4090, 31 %, 11 %, 19206 MiB, 49140 MiB, 277.44 W, 66
2026/08/14 01:45:45.406, NVIDIA GeForce RTX 4090, 31 %, 11 %, 19206 MiB, 49140 MiB, 282.03 W, 65
2026/08/14 01:45:46.406, NVIDIA GeForce RTX 4090, 44 %, 17 %, 19206 MiB, 49140 MiB, 271.20 W, 65
2026/08/14 01:45:47.406, NVIDIA GeForce RTX 4090, 69 %, 37 %, 19206 MiB, 49140 MiB, 291.47 W, 65
2026/08/14 01:45:48.406, NVIDIA GeForce RTX 4090, 91 %, 52 %, 19206 MiB, 49140 MiB, 300.60 W, 65
2026/08/14 01:45:49.407, NVIDIA GeForce RTX 4090, 8 %, 4 %, 19206 MiB, 49140 MiB, 283.65 W, 64
2026/08/14 01:45:50.407, NVIDIA GeForce RTX 4090, 30 %, 11 %, 19206 MiB, 49140 MiB, 270.39 W, 65
2026/08/14 01:45:51.407, NVIDIA GeForce RTX 4090, 31 %, 11 %, 19206 MiB, 49140 MiB, 274.00 W, 65
2026/08/14 01:45:52.408, NVIDIA GeForce RTX 4090, 40 %, 15 %, 19206 MiB, 49140 MiB, 282.84 W, 65
2026/08/14 01:45:53.408, NVIDIA GeForce RTX 4090, 66 %, 35 %, 19206 MiB, 49140 MiB, 291.85 W, 64
2026/08/14 01:45:54.483, NVIDIA GeForce RTX 4090, 47 %, 23 %, 19206 MiB, 49140 MiB, 302.34 W, 64
2026/08/14 01:45:55.484, NVIDIA GeForce RTX 4090, 30 %, 11 %, 19206 MiB, 49140 MiB, 280.84 W, 67
2026/08/14 01:45:56.484, NVIDIA GeForce RTX 4090, 20 %, 7 %, 19206 MiB, 49140 MiB, 283.25 W, 65
2026/08/14 01:45:57.484, NVIDIA GeForce RTX 4090, 43 %, 16 %, 19206 MiB, 49140 MiB, 279.34 W, 66
2026/08/14 01:45:58.484, NVIDIA GeForce RTX 4090, 69 %, 35 %, 19206 MiB, 49140 MiB, 286.32 W, 65
2026/08/14 01:45:59.485, NVIDIA GeForce RTX 4090, 84 %, 42 %, 19206 MiB, 49140 MiB, 321.92 W, 65
2026/08/14 01:46:00.485, NVIDIA GeForce RTX 4090, 100 %, 56 %, 19206 MiB, 49140 MiB, 311.38 W, 66
2026/08/14 01:46:01.485, NVIDIA GeForce RTX 4090, 41 %, 14 %, 19206 MiB, 49140 MiB, 325.40 W, 66
2026/08/14 01:46:02.485, NVIDIA GeForce RTX 4090, 52 %, 22 %, 19206 MiB, 49140 MiB, 283.83 W, 65
2026/08/14 01:46:03.486, NVIDIA GeForce RTX 4090, 62 %, 33 %, 19206 MiB, 49140 MiB, 284.98 W, 64
2026/08/14 01:46:04.486, NVIDIA GeForce RTX 4090, 79 %, 40 %, 19206 MiB, 49140 MiB, 301.04 W, 66
2026/08/14 01:46:05.486, NVIDIA GeForce RTX 4090, 39 %, 15 %, 19206 MiB, 49140 MiB, 288.16 W, 65
2026/08/14 01:46:06.486, NVIDIA GeForce RTX 4090, 33 %, 12 %, 19206 MiB, 49140 MiB, 280.57 W, 65
2026/08/14 01:46:07.487, NVIDIA GeForce RTX 4090, 34 %, 11 %, 19206 MiB, 49140 MiB, 269.31 W, 65
2026/08/14 01:46:08.487, NVIDIA GeForce RTX 4090, 38 %, 15 %, 19206 MiB, 49140 MiB, 276.75 W, 65
2026/08/14 01:46:09.487, NVIDIA GeForce RTX 4090, 71 %, 39 %, 19206 MiB, 49140 MiB, 291.63 W, 63
2026/08/14 01:46:10.487, NVIDIA GeForce RTX 4090, 91 %, 49 %, 19206 MiB, 49140 MiB, 287.55 W, 64
2026/08/14 01:46:11.487, NVIDIA GeForce RTX 4090, 69 %, 38 %, 19206 MiB, 49140 MiB, 287.83 W, 61
2026/08/14 01:46:12.487, NVIDIA GeForce RTX 4090, 27 %, 10 %, 19206 MiB, 49140 MiB, 274.89 W, 66
2026/08/14 01:46:13.488, NVIDIA GeForce RTX 4090, 31 %, 11 %, 19206 MiB, 49140 MiB, 275.72 W, 66
2026/08/14 01:46:14.488, NVIDIA GeForce RTX 4090, 30 %, 10 %, 19206 MiB, 49140 MiB, 283.49 W, 66
2026/08/14 01:46:15.488, NVIDIA GeForce RTX 4090, 52 %, 20 %, 19206 MiB, 49140 MiB, 284.67 W, 66
2026/08/14 01:46:16.488, NVIDIA GeForce RTX 4090, 70 %, 38 %, 19206 MiB, 49140 MiB, 283.66 W, 63
2026/08/14 01:46:17.489, NVIDIA GeForce RTX 4090, 90 %, 50 %, 19206 MiB, 49140 MiB, 287.83 W, 64
2026/08/14 01:46:18.489, NVIDIA GeForce RTX 4090, 53 %, 26 %, 19206 MiB, 49140 MiB, 288.41 W, 65
2026/08/14 01:46:19.489, NVIDIA GeForce RTX 4090, 25 %, 10 %, 19206 MiB, 49140 MiB, 270.28 W, 65
2026/08/14 01:46:20.489, NVIDIA GeForce RTX 4090, 23 %, 8 %, 19206 MiB, 49140 MiB, 271.31 W, 63
2026/08/14 01:46:21.489, NVIDIA GeForce RTX 4090, 27 %, 10 %, 19206 MiB, 49140 MiB, 265.56 W, 66
2026/08/14 01:46:22.489, NVIDIA GeForce RTX 4090, 35 %, 12 %, 19206 MiB, 49140 MiB, 269.95 W, 65
2026/08/14 01:46:23.490, NVIDIA GeForce RTX 4090, 46 %, 16 %, 19206 MiB, 49140 MiB, 272.80 W, 65
2026/08/14 01:46:24.490, NVIDIA GeForce RTX 4090, 56 %, 22 %, 19206 MiB, 49140 MiB, 280.03 W, 64
2026/08/14 01:46:25.490, NVIDIA GeForce RTX 4090, 99 %, 59 %, 19206 MiB, 49140 MiB, 301.88 W, 64
2026/08/14 01:46:26.490, NVIDIA GeForce RTX 4090, 56 %, 29 %, 19206 MiB, 49140 MiB, 300.72 W, 66
2026/08/14 01:46:27.490, NVIDIA GeForce RTX 4090, 27 %, 10 %, 19206 MiB, 49140 MiB, 274.40 W, 63
2026/08/14 01:46:28.491, NVIDIA GeForce RTX 4090, 17 %, 6 %, 19206 MiB, 49140 MiB, 265.37 W, 64
2026/08/14 01:46:29.491, NVIDIA GeForce RTX 4090, 37 %, 13 %, 19206 MiB, 49140 MiB, 269.35 W, 66
2026/08/14 01:46:30.491, NVIDIA GeForce RTX 4090, 37 %, 12 %, 19206 MiB, 49140 MiB, 272.08 W, 64
2026/08/14 01:46:31.491, NVIDIA GeForce RTX 4090, 33 %, 13 %, 19206 MiB, 49140 MiB, 271.91 W, 65
2026/08/14 01:46:32.491, NVIDIA GeForce RTX 4090, 56 %, 22 %, 19206 MiB, 49140 MiB, 277.62 W, 63
2026/08/14 01:46:33.491, NVIDIA GeForce RTX 4090, 74 %, 41 %, 19206 MiB, 49140 MiB, 285.93 W, 64
2026/08/14 01:46:34.492, NVIDIA GeForce RTX 4090, 87 %, 44 %, 19206 MiB, 49140 MiB, 311.11 W, 67
2026/08/14 01:46:35.492, NVIDIA GeForce RTX 4090, 38 %, 14 %, 19206 MiB, 49140 MiB, 290.60 W, 64
2026/08/14 01:46:36.492, NVIDIA GeForce RTX 4090, 39 %, 14 %, 19206 MiB, 49140 MiB, 265.13 W, 66
2026/08/14 01:46:37.492, NVIDIA GeForce RTX 4090, 46 %, 15 %, 19206 MiB, 49140 MiB, 280.25 W, 65
2026/08/14 01:46:38.492, NVIDIA GeForce RTX 4090, 58 %, 22 %, 19206 MiB, 49140 MiB, 284.62 W, 63
2026/08/14 01:46:39.492, NVIDIA GeForce RTX 4090, 76 %, 43 %, 19206 MiB, 49140 MiB, 286.35 W, 64
2026/08/14 01:46:40.493, NVIDIA GeForce RTX 4090, 91 %, 52 %, 19206 MiB, 49140 MiB, 295.03 W, 66
2026/08/14 01:46:41.493, NVIDIA GeForce RTX 4090, 60 %, 32 %, 19206 MiB, 49140 MiB, 289.48 W, 65
2026/08/14 01:46:42.493, NVIDIA GeForce RTX 4090, 39 %, 14 %, 19206 MiB, 49140 MiB, 282.89 W, 61
2026/08/14 01:46:43.493, NVIDIA GeForce RTX 4090, 18 %, 6 %, 19206 MiB, 49140 MiB, 264.95 W, 63
2026/08/14 01:46:44.493, NVIDIA GeForce RTX 4090, 49 %, 17 %, 19206 MiB, 49140 MiB, 284.81 W, 65
2026/08/14 01:46:45.493, NVIDIA GeForce RTX 4090, 0 %, 0 %, 19206 MiB, 49140 MiB, 337.71 W, 57
2026/08/14 01:46:46.494, NVIDIA GeForce RTX 4090, 0 %, 0 %, 19206 MiB, 49140 MiB, 106.32 W, 54
2026/08/14 01:46:47.494, NVIDIA GeForce RTX 4090, 0 %, 0 %, 19206 MiB, 49140 MiB, 101.86 W, 53
2026/08/14 01:46:48.494, NVIDIA GeForce RTX 4090, 90 %, 47 %, 19206 MiB, 49140 MiB, 123.32 W, 61
2026/08/14 01:46:49.494, NVIDIA GeForce RTX 4090, 77 %, 43 %, 19206 MiB, 49140 MiB, 277.70 W, 64
2026/08/14 01:46:50.495, NVIDIA GeForce RTX 4090, 43 %, 17 %, 19206 MiB, 49140 MiB, 282.17 W, 65
2026/08/14 01:46:51.495, NVIDIA GeForce RTX 4090, 42 %, 15 %, 19206 MiB, 49140 MiB, 275.93 W, 65
2026/08/14 01:46:52.495, NVIDIA GeForce RTX 4090, 38 %, 13 %, 19206 MiB, 49140 MiB, 269.47 W, 63
2026/08/14 01:46:53.495, NVIDIA GeForce RTX 4090, 61 %, 24 %, 19206 MiB, 49140 MiB, 289.12 W, 63
2026/08/14 01:46:54.495, NVIDIA GeForce RTX 4090, 75 %, 42 %, 19206 MiB, 49140 MiB, 284.67 W, 63
2026/08/14 01:46:55.495, NVIDIA GeForce RTX 4090, 90 %, 52 %, 19206 MiB, 49140 MiB, 284.08 W, 65
2026/08/14 01:46:56.496, NVIDIA GeForce RTX 4090, 57 %, 27 %, 19206 MiB, 49140 MiB, 280.95 W, 63
2026/08/14 01:46:57.496, NVIDIA GeForce RTX 4090, 29 %, 12 %, 19206 MiB, 49140 MiB, 283.08 W, 65
2026/08/14 01:46:58.496, NVIDIA GeForce RTX 4090, 32 %, 11 %, 19206 MiB, 49140 MiB, 264.86 W, 63
2026/08/14 01:46:59.496, NVIDIA GeForce RTX 4090, 56 %, 20 %, 19206 MiB, 49140 MiB, 279.49 W, 65
2026/08/14 01:47:00.496, NVIDIA GeForce RTX 4090, 49 %, 17 %, 19206 MiB, 49140 MiB, 284.62 W, 64
2026/08/14 01:47:01.496, NVIDIA GeForce RTX 4090, 63 %, 25 %, 19206 MiB, 49140 MiB, 279.02 W, 63
2026/08/14 01:47:02.497, NVIDIA GeForce RTX 4090, 78 %, 44 %, 19206 MiB, 49140 MiB, 281.68 W, 63
2026/08/14 01:47:03.497, NVIDIA GeForce RTX 4090, 90 %, 52 %, 19206 MiB, 49140 MiB, 293.60 W, 64
2026/08/14 01:47:04.497, NVIDIA GeForce RTX 4090, 60 %, 31 %, 19206 MiB, 49140 MiB, 290.61 W, 65
2026/08/14 01:47:05.498, NVIDIA GeForce RTX 4090, 38 %, 14 %, 19206 MiB, 49140 MiB, 282.08 W, 64
2026/08/14 01:47:06.498, NVIDIA GeForce RTX 4090, 36 %, 12 %, 19206 MiB, 49140 MiB, 275.93 W, 65
2026/08/14 01:47:07.498, NVIDIA GeForce RTX 4090, 44 %, 15 %, 19206 MiB, 49140 MiB, 274.56 W, 63
2026/08/14 01:47:08.498, NVIDIA GeForce RTX 4090, 63 %, 25 %, 19206 MiB, 49140 MiB, 285.43 W, 64
2026/08/14 01:47:09.498, NVIDIA GeForce RTX 4090, 78 %, 44 %, 19206 MiB, 49140 MiB, 282.92 W, 65
2026/08/14 01:47:10.499, NVIDIA GeForce RTX 4090, 95 %, 54 %, 19206 MiB, 49140 MiB, 292.43 W, 66
2026/08/14 01:47:11.499, NVIDIA GeForce RTX 4090, 62 %, 32 %, 19206 MiB, 49140 MiB, 290.27 W, 64
2026/08/14 01:47:12.499, NVIDIA GeForce RTX 4090, 38 %, 14 %, 19206 MiB, 49140 MiB, 280.63 W, 64
2026/08/14 01:47:13.500, NVIDIA GeForce RTX 4090, 35 %, 13 %, 19206 MiB, 49140 MiB, 268.48 W, 64
2026/08/14 01:47:14.500, NVIDIA GeForce RTX 4090, 38 %, 13 %, 19206 MiB, 49140 MiB, 270.46 W, 63
2026/08/14 01:47:15.500, NVIDIA GeForce RTX 4090, 48 %, 18 %, 19206 MiB, 49140 MiB, 281.64 W, 62
2026/08/14 01:47:16.500, NVIDIA GeForce RTX 4090, 78 %, 44 %, 19206 MiB, 49140 MiB, 293.74 W, 65
2026/08/14 01:47:17.500, NVIDIA GeForce RTX 4090, 89 %, 47 %, 19206 MiB, 49140 MiB, 306.23 W, 67
2026/08/14 01:47:18.501, NVIDIA GeForce RTX 4090, 42 %, 16 %, 19206 MiB, 49140 MiB, 295.06 W, 64
2026/08/14 01:47:19.501, NVIDIA GeForce RTX 4090, 40 %, 14 %, 19206 MiB, 49140 MiB, 275.47 W, 64
2026/08/14 01:47:20.501, NVIDIA GeForce RTX 4090, 49 %, 17 %, 19206 MiB, 49140 MiB, 277.78 W, 63
2026/08/14 01:47:21.501, NVIDIA GeForce RTX 4090, 75 %, 36 %, 19206 MiB, 49140 MiB, 286.81 W, 64
2026/08/14 01:47:22.502, NVIDIA GeForce RTX 4090, 89 %, 52 %, 19206 MiB, 49140 MiB, 298.23 W, 66
2026/08/14 01:47:23.502, NVIDIA GeForce RTX 4090, 44 %, 17 %, 19206 MiB, 49140 MiB, 301.30 W, 64
2026/08/14 01:47:24.502, NVIDIA GeForce RTX 4090, 37 %, 13 %, 19206 MiB, 49140 MiB, 268.34 W, 62
2026/08/14 01:47:25.502, NVIDIA GeForce RTX 4090, 39 %, 13 %, 19206 MiB, 49140 MiB, 273.06 W, 63
2026/08/14 01:47:26.503, NVIDIA GeForce RTX 4090, 53 %, 20 %, 19206 MiB, 49140 MiB, 272.94 W, 63
2026/08/14 01:47:27.503, NVIDIA GeForce RTX 4090, 98 %, 58 %, 19206 MiB, 49140 MiB, 301.84 W, 67
2026/08/14 01:47:28.503, NVIDIA GeForce RTX 4090, 67 %, 37 %, 19206 MiB, 49140 MiB, 296.02 W, 65
2026/08/14 01:47:29.503, NVIDIA GeForce RTX 4090, 37 %, 13 %, 19206 MiB, 49140 MiB, 286.71 W, 63
2026/08/14 01:47:30.503, NVIDIA GeForce RTX 4090, 38 %, 13 %, 19206 MiB, 49140 MiB, 274.93 W, 63
2026/08/14 01:47:31.504, NVIDIA GeForce RTX 4090, 49 %, 17 %, 19206 MiB, 49140 MiB, 270.64 W, 63
2026/08/14 01:47:32.504, NVIDIA GeForce RTX 4090, 86 %, 44 %, 19206 MiB, 49140 MiB, 376.04 W, 65
2026/08/14 01:47:33.504, NVIDIA GeForce RTX 4090, 54 %, 26 %, 19206 MiB, 49140 MiB, 288.16 W, 65
2026/08/14 01:47:34.504, NVIDIA GeForce RTX 4090, 40 %, 15 %, 19206 MiB, 49140 MiB, 273.09 W, 64
2026/08/14 01:47:35.504, NVIDIA GeForce RTX 4090, 42 %, 15 %, 19206 MiB, 49140 MiB, 267.44 W, 63
2026/08/14 01:47:36.505, NVIDIA GeForce RTX 4090, 39 %, 13 %, 19206 MiB, 49140 MiB, 268.09 W, 63
2026/08/14 01:47:37.505, NVIDIA GeForce RTX 4090, 49 %, 17 %, 19206 MiB, 49140 MiB, 269.02 W, 63
2026/08/14 01:47:38.505, NVIDIA GeForce RTX 4090, 64 %, 25 %, 19206 MiB, 49140 MiB, 277.13 W, 63
2026/08/14 01:47:39.505, NVIDIA GeForce RTX 4090, 83 %, 46 %, 19206 MiB, 49140 MiB, 283.44 W, 64
2026/08/14 01:47:40.505, NVIDIA GeForce RTX 4090, 88 %, 54 %, 19206 MiB, 49140 MiB, 274.87 W, 67
2026/08/14 01:47:41.505, NVIDIA GeForce RTX 4090, 65 %, 32 %, 19206 MiB, 49140 MiB, 303.59 W, 65
2026/08/14 01:47:42.506, NVIDIA GeForce RTX 4090, 31 %, 11 %, 19206 MiB, 49140 MiB, 272.35 W, 63
2026/08/14 01:47:43.506, NVIDIA GeForce RTX 4090, 42 %, 15 %, 19206 MiB, 49140 MiB, 266.64 W, 62
2026/08/14 01:47:44.506, NVIDIA GeForce RTX 4090, 47 %, 16 %, 19206 MiB, 49140 MiB, 279.66 W, 63
2026/08/14 01:47:45.506, NVIDIA GeForce RTX 4090, 78 %, 38 %, 19206 MiB, 49140 MiB, 295.43 W, 64
2026/08/14 01:47:46.506, NVIDIA GeForce RTX 4090, 88 %, 53 %, 19206 MiB, 49140 MiB, 302.91 W, 67
2026/08/14 01:47:47.506, NVIDIA GeForce RTX 4090, 70 %, 37 %, 19206 MiB, 49140 MiB, 288.71 W, 64
2026/08/14 01:47:48.507, NVIDIA GeForce RTX 4090, 30 %, 12 %, 19206 MiB, 49140 MiB, 269.18 W, 62
2026/08/14 01:47:49.507, NVIDIA GeForce RTX 4090, 32 %, 12 %, 19206 MiB, 49140 MiB, 264.59 W, 63
2026/08/14 01:47:50.507, NVIDIA GeForce RTX 4090, 40 %, 14 %, 19206 MiB, 49140 MiB, 271.02 W, 63
2026/08/14 01:47:51.507, NVIDIA GeForce RTX 4090, 38 %, 13 %, 19206 MiB, 49140 MiB, 270.71 W, 63
2026/08/14 01:47:52.507, NVIDIA GeForce RTX 4090, 49 %, 17 %, 19206 MiB, 49140 MiB, 273.33 W, 63
2026/08/14 01:47:53.507, NVIDIA GeForce RTX 4090, 64 %, 26 %, 19206 MiB, 49140 MiB, 279.54 W, 62
2026/08/14 01:47:54.508, NVIDIA GeForce RTX 4090, 78 %, 44 %, 19206 MiB, 49140 MiB, 284.98 W, 63
2026/08/14 01:47:55.508, NVIDIA GeForce RTX 4090, 98 %, 60 %, 19206 MiB, 49140 MiB, 289.99 W, 67
2026/08/14 01:47:56.508, NVIDIA GeForce RTX 4090, 52 %, 25 %, 19206 MiB, 49140 MiB, 293.48 W, 63
2026/08/14 01:47:57.508, NVIDIA GeForce RTX 4090, 30 %, 11 %, 19206 MiB, 49140 MiB, 274.25 W, 63
2026/08/14 01:47:58.508, NVIDIA GeForce RTX 4090, 40 %, 14 %, 19206 MiB, 49140 MiB, 268.24 W, 64
2026/08/14 01:47:59.509, NVIDIA GeForce RTX 4090, 32 %, 11 %, 19206 MiB, 49140 MiB, 271.40 W, 63
2026/08/14 01:48:00.509, NVIDIA GeForce RTX 4090, 65 %, 26 %, 19206 MiB, 49140 MiB, 287.36 W, 62
2026/08/14 01:48:01.509, NVIDIA GeForce RTX 4090, 78 %, 44 %, 19206 MiB, 49140 MiB, 286.41 W, 63
2026/08/14 01:48:02.583, NVIDIA GeForce RTX 4090, 98 %, 62 %, 19206 MiB, 49140 MiB, 288.68 W, 61
2026/08/14 01:48:03.584, NVIDIA GeForce RTX 4090, 73 %, 38 %, 19206 MiB, 49140 MiB, 291.09 W, 63
2026/08/14 01:48:04.584, NVIDIA GeForce RTX 4090, 29 %, 12 %, 19206 MiB, 49140 MiB, 278.80 W, 62
2026/08/14 01:48:05.584, NVIDIA GeForce RTX 4090, 32 %, 11 %, 19206 MiB, 49140 MiB, 265.00 W, 61
2026/08/14 01:48:06.584, NVIDIA GeForce RTX 4090, 40 %, 14 %, 19206 MiB, 49140 MiB, 269.07 W, 62
2026/08/14 01:48:07.584, NVIDIA GeForce RTX 4090, 42 %, 14 %, 19206 MiB, 49140 MiB, 272.34 W, 62
2026/08/14 01:48:08.584, NVIDIA GeForce RTX 4090, 51 %, 18 %, 19206 MiB, 49140 MiB, 274.20 W, 62
2026/08/14 01:48:09.585, NVIDIA GeForce RTX 4090, 68 %, 26 %, 19206 MiB, 49140 MiB, 279.31 W, 62
2026/08/14 01:48:10.585, NVIDIA GeForce RTX 4090, 75 %, 46 %, 19206 MiB, 49140 MiB, 293.75 W, 67
2026/08/14 01:48:11.585, NVIDIA GeForce RTX 4090, 52 %, 26 %, 19206 MiB, 49140 MiB, 307.51 W, 62
2026/08/14 01:48:12.585, NVIDIA GeForce RTX 4090, 32 %, 11 %, 19206 MiB, 49140 MiB, 272.86 W, 60
2026/08/14 01:48:13.585, NVIDIA GeForce RTX 4090, 42 %, 15 %, 19206 MiB, 49140 MiB, 267.75 W, 60
2026/08/14 01:48:14.586, NVIDIA GeForce RTX 4090, 42 %, 14 %, 19206 MiB, 49140 MiB, 272.03 W, 59
2026/08/14 01:48:15.586, NVIDIA GeForce RTX 4090, 51 %, 18 %, 19206 MiB, 49140 MiB, 273.34 W, 58
2026/08/14 01:48:16.586, NVIDIA GeForce RTX 4090, 61 %, 25 %, 19206 MiB, 49140 MiB, 280.05 W, 59
2026/08/14 01:48:17.586, NVIDIA GeForce RTX 4090, 0 %, 0 %, 19206 MiB, 49140 MiB, 323.16 W, 56
2026/08/14 01:48:18.586, NVIDIA GeForce RTX 4090, 7 %, 0 %, 19206 MiB, 49140 MiB, 106.02 W, 54
2026/08/14 01:48:19.586, NVIDIA GeForce RTX 4090, 0 %, 0 %, 19206 MiB, 49140 MiB, 100.10 W, 53
2026/08/14 01:48:20.587, NVIDIA GeForce RTX 4090, 22 %, 4 %, 19206 MiB, 49140 MiB, 92.54 W, 57
2026/08/14 01:48:21.587, NVIDIA GeForce RTX 4090, 90 %, 48 %, 19206 MiB, 49140 MiB, 274.95 W, 59
2026/08/14 01:48:22.587, NVIDIA GeForce RTX 4090, 87 %, 47 %, 19206 MiB, 49140 MiB, 277.95 W, 60
2026/08/14 01:48:23.587, NVIDIA GeForce RTX 4090, 52 %, 25 %, 19206 MiB, 49140 MiB, 281.48 W, 58
2026/08/14 01:48:24.587, NVIDIA GeForce RTX 4090, 31 %, 11 %, 19206 MiB, 49140 MiB, 272.37 W, 57
2026/08/14 01:48:25.588, NVIDIA GeForce RTX 4090, 42 %, 15 %, 19206 MiB, 49140 MiB, 268.88 W, 57
2026/08/14 01:48:26.588, NVIDIA GeForce RTX 4090, 38 %, 13 %, 19206 MiB, 49140 MiB, 270.85 W, 57
2026/08/14 01:48:27.588, NVIDIA GeForce RTX 4090, 70 %, 27 %, 19206 MiB, 49140 MiB, 285.84 W, 58
2026/08/14 01:48:28.589, NVIDIA GeForce RTX 4090, 74 %, 46 %, 19206 MiB, 49140 MiB, 289.83 W, 68
2026/08/14 01:48:29.589, NVIDIA GeForce RTX 4090, 69 %, 35 %, 19206 MiB, 49140 MiB, 297.27 W, 61
2026/08/14 01:48:30.589, NVIDIA GeForce RTX 4090, 55 %, 21 %, 19206 MiB, 49140 MiB, 274.20 W, 58
2026/08/14 01:48:31.589, NVIDIA GeForce RTX 4090, 43 %, 15 %, 19206 MiB, 49140 MiB, 276.05 W, 57
2026/08/14 01:48:32.590, NVIDIA GeForce RTX 4090, 45 %, 15 %, 19206 MiB, 49140 MiB, 273.78 W, 57
2026/08/14 01:48:33.590, NVIDIA GeForce RTX 4090, 62 %, 24 %, 19206 MiB, 49140 MiB, 288.60 W, 58
2026/08/14 01:48:34.590, NVIDIA GeForce RTX 4090, 92 %, 49 %, 19206 MiB, 49140 MiB, 324.78 W, 67
2026/08/14 01:48:35.590, NVIDIA GeForce RTX 4090, 35 %, 12 %, 19206 MiB, 49140 MiB, 302.60 W, 57
2026/08/14 01:48:36.591, NVIDIA GeForce RTX 4090, 38 %, 13 %, 19206 MiB, 49140 MiB, 277.95 W, 57
2026/08/14 01:48:37.591, NVIDIA GeForce RTX 4090, 77 %, 30 %, 19206 MiB, 49140 MiB, 291.36 W, 58
2026/08/14 01:48:38.591, NVIDIA GeForce RTX 4090, 70 %, 41 %, 19206 MiB, 49140 MiB, 296.72 W, 68
2026/08/14 01:48:39.592, NVIDIA GeForce RTX 4090, 87 %, 44 %, 19206 MiB, 49140 MiB, 285.95 W, 60
2026/08/14 01:48:40.592, NVIDIA GeForce RTX 4090, 40 %, 15 %, 19206 MiB, 49140 MiB, 273.99 W, 58
2026/08/14 01:48:41.592, NVIDIA GeForce RTX 4090, 44 %, 15 %, 19206 MiB, 49140 MiB, 274.04 W, 58
2026/08/14 01:48:42.592, NVIDIA GeForce RTX 4090, 47 %, 15 %, 19206 MiB, 49140 MiB, 269.60 W, 58
2026/08/14 01:48:43.593, NVIDIA GeForce RTX 4090, 62 %, 25 %, 19206 MiB, 49140 MiB, 284.79 W, 59
2026/08/14 01:48:44.596, NVIDIA GeForce RTX 4090, 80 %, 48 %, 19206 MiB, 49140 MiB, 280.89 W, 61
2026/08/14 01:48:45.597, NVIDIA GeForce RTX 4090, 93 %, 50 %, 19206 MiB, 49140 MiB, 301.15 W, 61
2026/08/14 01:48:46.597, NVIDIA GeForce RTX 4090, 44 %, 17 %, 19206 MiB, 49140 MiB, 278.35 W, 59
2026/08/14 01:48:47.597, NVIDIA GeForce RTX 4090, 42 %, 15 %, 19206 MiB, 49140 MiB, 274.40 W, 58
2026/08/14 01:48:48.598, NVIDIA GeForce RTX 4090, 71 %, 23 %, 19206 MiB, 49140 MiB, 276.86 W, 59
2026/08/14 01:48:49.598, NVIDIA GeForce RTX 4090, 60 %, 24 %, 19206 MiB, 49140 MiB, 287.23 W, 59
2026/08/14 01:48:50.598, NVIDIA GeForce RTX 4090, 68 %, 42 %, 19206 MiB, 49140 MiB, 309.73 W, 63
2026/08/14 01:48:51.598, NVIDIA GeForce RTX 4090, 67 %, 32 %, 19206 MiB, 49140 MiB, 290.23 W, 60
2026/08/14 01:48:52.599, NVIDIA GeForce RTX 4090, 37 %, 13 %, 19206 MiB, 49140 MiB, 277.19 W, 58
2026/08/14 01:48:53.599, NVIDIA GeForce RTX 4090, 38 %, 13 %, 19206 MiB, 49140 MiB, 283.62 W, 58
2026/08/14 01:48:54.599, NVIDIA GeForce RTX 4090, 46 %, 18 %, 19206 MiB, 49140 MiB, 283.76 W, 58
2026/08/14 01:48:55.599, NVIDIA GeForce RTX 4090, 68 %, 42 %, 19206 MiB, 49140 MiB, 295.43 W, 62
2026/08/14 01:48:56.600, NVIDIA GeForce RTX 4090, 54 %, 24 %, 19206 MiB, 49140 MiB, 301.33 W, 61
2026/08/14 01:48:57.600, NVIDIA GeForce RTX 4090, 54 %, 26 %, 19206 MiB, 49140 MiB, 276.67 W, 60
2026/08/14 01:48:58.600, NVIDIA GeForce RTX 4090, 35 %, 12 %, 19206 MiB, 49140 MiB, 281.85 W, 58
2026/08/14 01:48:59.600, NVIDIA GeForce RTX 4090, 38 %, 13 %, 19206 MiB, 49140 MiB, 273.98 W, 58
2026/08/14 01:49:00.601, NVIDIA GeForce RTX 4090, 58 %, 23 %, 19206 MiB, 49140 MiB, 289.17 W, 63
2026/08/14 01:49:01.601, NVIDIA GeForce RTX 4090, 92 %, 48 %, 19206 MiB, 49140 MiB, 313.58 W, 67
2026/08/14 01:49:02.601, NVIDIA GeForce RTX 4090, 32 %, 11 %, 19206 MiB, 49140 MiB, 298.99 W, 59
2026/08/14 01:49:03.601, NVIDIA GeForce RTX 4090, 100 %, 54 %, 19206 MiB, 49140 MiB, 332.44 W, 67
2026/08/14 01:49:04.602, NVIDIA GeForce RTX 4090, 74 %, 41 %, 19206 MiB, 49140 MiB, 313.90 W, 62
2026/08/14 01:49:05.602, NVIDIA GeForce RTX 4090, 64 %, 33 %, 19206 MiB, 49140 MiB, 295.35 W, 66
2026/08/14 01:49:06.602, NVIDIA GeForce RTX 4090, 44 %, 20 %, 19206 MiB, 49140 MiB, 282.54 W, 63
2026/08/14 01:49:07.602, NVIDIA GeForce RTX 4090, 24 %, 9 %, 19206 MiB, 49140 MiB, 272.39 W, 59
2026/08/14 01:49:08.602, NVIDIA GeForce RTX 4090, 37 %, 13 %, 19206 MiB, 49140 MiB, 273.30 W, 59
2026/08/14 01:49:09.603, NVIDIA GeForce RTX 4090, 44 %, 15 %, 19206 MiB, 49140 MiB, 281.68 W, 59
2026/08/14 01:49:10.603, NVIDIA GeForce RTX 4090, 81 %, 43 %, 19206 MiB, 49140 MiB, 292.60 W, 65
2026/08/14 01:49:11.603, NVIDIA GeForce RTX 4090, 94 %, 52 %, 19206 MiB, 49140 MiB, 307.79 W, 66
2026/08/14 01:49:12.604, NVIDIA GeForce RTX 4090, 42 %, 17 %, 19206 MiB, 49140 MiB, 296.72 W, 61
2026/08/14 01:49:13.604, NVIDIA GeForce RTX 4090, 30 %, 11 %, 19206 MiB, 49140 MiB, 270.87 W, 58
2026/08/14 01:49:14.604, NVIDIA GeForce RTX 4090, 36 %, 13 %, 19206 MiB, 49140 MiB, 272.87 W, 58
2026/08/14 01:49:15.604, NVIDIA GeForce RTX 4090, 52 %, 19 %, 19206 MiB, 49140 MiB, 279.30 W, 58
2026/08/14 01:49:16.604, NVIDIA GeForce RTX 4090, 59 %, 25 %, 19206 MiB, 49140 MiB, 291.40 W, 59
2026/08/14 01:49:17.605, NVIDIA GeForce RTX 4090, 94 %, 54 %, 19206 MiB, 49140 MiB, 299.28 W, 65
2026/08/14 01:49:18.605, NVIDIA GeForce RTX 4090, 43 %, 18 %, 19206 MiB, 49140 MiB, 295.37 W, 61
2026/08/14 01:49:19.605, NVIDIA GeForce RTX 4090, 36 %, 13 %, 19206 MiB, 49140 MiB, 277.14 W, 59
2026/08/14 01:49:20.605, NVIDIA GeForce RTX 4090, 43 %, 15 %, 19206 MiB, 49140 MiB, 278.88 W, 59
2026/08/14 01:49:21.605, NVIDIA GeForce RTX 4090, 51 %, 20 %, 19206 MiB, 49140 MiB, 279.45 W, 59
2026/08/14 01:49:22.605, NVIDIA GeForce RTX 4090, 73 %, 44 %, 19206 MiB, 49140 MiB, 296.26 W, 64
2026/08/14 01:49:23.606, NVIDIA GeForce RTX 4090, 66 %, 27 %, 19206 MiB, 49140 MiB, 314.72 W, 68
2026/08/14 01:49:24.606, NVIDIA GeForce RTX 4090, 36 %, 13 %, 19206 MiB, 49140 MiB, 288.88 W, 59
2026/08/14 01:49:25.606, NVIDIA GeForce RTX 4090, 42 %, 15 %, 19206 MiB, 49140 MiB, 278.76 W, 59
2026/08/14 01:49:26.607, NVIDIA GeForce RTX 4090, 50 %, 26 %, 19206 MiB, 49140 MiB, 274.40 W, 59
2026/08/14 01:49:27.607, NVIDIA GeForce RTX 4090, 95 %, 55 %, 19206 MiB, 49140 MiB, 305.72 W, 65
2026/08/14 01:49:28.607, NVIDIA GeForce RTX 4090, 80 %, 35 %, 19206 MiB, 49140 MiB, 287.60 W, 66
2026/08/14 01:49:29.607, NVIDIA GeForce RTX 4090, 37 %, 13 %, 19206 MiB, 49140 MiB, 290.83 W, 59
2026/08/14 01:49:30.607, NVIDIA GeForce RTX 4090, 47 %, 17 %, 19206 MiB, 49140 MiB, 267.13 W, 59
2026/08/14 01:49:31.608, NVIDIA GeForce RTX 4090, 40 %, 15 %, 19206 MiB, 49140 MiB, 275.68 W, 59
2026/08/14 01:49:32.608, NVIDIA GeForce RTX 4090, 74 %, 42 %, 19206 MiB, 49140 MiB, 292.76 W, 67
2026/08/14 01:49:33.608, NVIDIA GeForce RTX 4090, 58 %, 28 %, 19206 MiB, 49140 MiB, 310.16 W, 63
2026/08/14 01:49:34.608, NVIDIA GeForce RTX 4090, 59 %, 22 %, 19206 MiB, 49140 MiB, 282.09 W, 65
2026/08/14 01:49:35.609, NVIDIA GeForce RTX 4090, 37 %, 13 %, 19206 MiB, 49140 MiB, 270.43 W, 58
2026/08/14 01:49:36.609, NVIDIA GeForce RTX 4090, 35 %, 12 %, 19206 MiB, 49140 MiB, 268.66 W, 59
2026/08/14 01:49:37.609, NVIDIA GeForce RTX 4090, 44 %, 15 %, 19206 MiB, 49140 MiB, 267.01 W, 59
2026/08/14 01:49:38.609, NVIDIA GeForce RTX 4090, 47 %, 23 %, 19206 MiB, 49140 MiB, 276.05 W, 59
2026/08/14 01:49:39.609, NVIDIA GeForce RTX 4090, 94 %, 55 %, 19206 MiB, 49140 MiB, 301.39 W, 65
2026/08/14 01:49:40.615, NVIDIA GeForce RTX 4090, 40 %, 20 %, 19206 MiB, 49140 MiB, 285.76 W, 60
2026/08/14 01:49:41.683, NVIDIA GeForce RTX 4090, 55 %, 20 %, 19206 MiB, 49140 MiB, 283.12 W, 62
2026/08/14 01:49:42.684, NVIDIA GeForce RTX 4090, 39 %, 13 %, 19206 MiB, 49140 MiB, 281.17 W, 60
2026/08/14 01:49:43.684, NVIDIA GeForce RTX 4090, 52 %, 21 %, 19206 MiB, 49140 MiB, 275.88 W, 60
2026/08/14 01:49:44.684, NVIDIA GeForce RTX 4090, 74 %, 42 %, 19206 MiB, 49140 MiB, 287.20 W, 67
2026/08/14 01:49:45.684, NVIDIA GeForce RTX 4090, 58 %, 29 %, 19206 MiB, 49140 MiB, 307.32 W, 65
2026/08/14 01:49:46.684, NVIDIA GeForce RTX 4090, 100 %, 52 %, 19206 MiB, 49140 MiB, 331.61 W, 67
2026/08/14 01:49:47.685, NVIDIA GeForce RTX 4090, 0 %, 0 %, 19206 MiB, 49140 MiB, 199.90 W, 55
2026/08/14 01:49:48.685, NVIDIA GeForce RTX 4090, 0 %, 0 %, 19206 MiB, 49140 MiB, 105.04 W, 54
2026/08/14 01:49:49.685, NVIDIA GeForce RTX 4090, 4 %, 0 %, 19206 MiB, 49140 MiB, 88.55 W, 53
2026/08/14 01:49:50.685, NVIDIA GeForce RTX 4090, 63 %, 33 %, 19206 MiB, 49140 MiB, 221.05 W, 62
2026/08/14 01:49:51.686, NVIDIA GeForce RTX 4090, 86 %, 50 %, 19206 MiB, 49140 MiB, 297.74 W, 63
2026/08/14 01:49:52.686, NVIDIA GeForce RTX 4090, 38 %, 14 %, 19206 MiB, 49140 MiB, 309.33 W, 60
2026/08/14 01:49:53.686, NVIDIA GeForce RTX 4090, 43 %, 14 %, 19206 MiB, 49140 MiB, 275.79 W, 59
2026/08/14 01:49:54.686, NVIDIA GeForce RTX 4090, 49 %, 19 %, 19206 MiB, 49140 MiB, 279.36 W, 60
2026/08/14 01:49:55.687, NVIDIA GeForce RTX 4090, 73 %, 45 %, 19206 MiB, 49140 MiB, 299.41 W, 66
2026/08/14 01:49:56.687, NVIDIA GeForce RTX 4090, 60 %, 31 %, 19206 MiB, 49140 MiB, 295.51 W, 65
2026/08/14 01:49:57.687, NVIDIA GeForce RTX 4090, 39 %, 13 %, 19206 MiB, 49140 MiB, 284.03 W, 60
2026/08/14 01:49:58.687, NVIDIA GeForce RTX 4090, 30 %, 11 %, 19206 MiB, 49140 MiB, 265.40 W, 58
2026/08/14 01:49:59.688, NVIDIA GeForce RTX 4090, 42 %, 14 %, 19206 MiB, 49140 MiB, 283.35 W, 59
2026/08/14 01:50:00.688, NVIDIA GeForce RTX 4090, 52 %, 20 %, 19206 MiB, 49140 MiB, 277.68 W, 60
2026/08/14 01:50:01.688, NVIDIA GeForce RTX 4090, 74 %, 42 %, 19206 MiB, 49140 MiB, 287.86 W, 65
2026/08/14 01:50:02.689, NVIDIA GeForce RTX 4090, 77 %, 38 %, 19206 MiB, 49140 MiB, 318.67 W, 66
2026/08/14 01:50:03.689, NVIDIA GeForce RTX 4090, 40 %, 14 %, 19206 MiB, 49140 MiB, 279.01 W, 61
2026/08/14 01:50:04.689, NVIDIA GeForce RTX 4090, 45 %, 15 %, 19206 MiB, 49140 MiB, 284.94 W, 60
2026/08/14 01:50:05.689, NVIDIA GeForce RTX 4090, 43 %, 16 %, 19206 MiB, 49140 MiB, 270.63 W, 60
2026/08/14 01:50:06.689, NVIDIA GeForce RTX 4090, 80 %, 37 %, 19206 MiB, 49140 MiB, 287.48 W, 67
2026/08/14 01:50:07.690, NVIDIA GeForce RTX 4090, 74 %, 43 %, 19206 MiB, 49140 MiB, 292.11 W, 66
2026/08/14 01:50:08.690, NVIDIA GeForce RTX 4090, 60 %, 32 %, 19206 MiB, 49140 MiB, 299.94 W, 67
2026/08/14 01:50:09.690, NVIDIA GeForce RTX 4090, 45 %, 16 %, 19206 MiB, 49140 MiB, 287.06 W, 62
2026/08/14 01:50:10.691, NVIDIA GeForce RTX 4090, 47 %, 16 %, 19206 MiB, 49140 MiB, 282.21 W, 61
2026/08/14 01:50:11.691, NVIDIA GeForce RTX 4090, 47 %, 18 %, 19206 MiB, 49140 MiB, 289.03 W, 61
2026/08/14 01:50:12.691, NVIDIA GeForce RTX 4090, 73 %, 41 %, 19206 MiB, 49140 MiB, 290.43 W, 68
2026/08/14 01:50:13.692, NVIDIA GeForce RTX 4090, 89 %, 46 %, 19206 MiB, 49140 MiB, 293.97 W, 67
2026/08/14 01:50:14.692, NVIDIA GeForce RTX 4090, 58 %, 28 %, 19206 MiB, 49140 MiB, 288.57 W, 62
2026/08/14 01:50:15.692, NVIDIA GeForce RTX 4090, 39 %, 14 %, 19206 MiB, 49140 MiB, 281.41 W, 61
2026/08/14 01:50:16.692, NVIDIA GeForce RTX 4090, 41 %, 13 %, 19206 MiB, 49140 MiB, 270.66 W, 60
2026/08/14 01:50:17.693, NVIDIA GeForce RTX 4090, 43 %, 15 %, 19206 MiB, 49140 MiB, 271.09 W, 62
2026/08/14 01:50:18.693, NVIDIA GeForce RTX 4090, 47 %, 18 %, 19206 MiB, 49140 MiB, 280.39 W, 66
2026/08/14 01:50:19.693, NVIDIA GeForce RTX 4090, 91 %, 49 %, 19206 MiB, 49140 MiB, 314.92 W, 67
2026/08/14 01:50:20.694, NVIDIA GeForce RTX 4090, 41 %, 15 %, 19206 MiB, 49140 MiB, 298.96 W, 61
2026/08/14 01:50:21.694, NVIDIA GeForce RTX 4090, 42 %, 14 %, 19206 MiB, 49140 MiB, 269.32 W, 60
2026/08/14 01:50:22.694, NVIDIA GeForce RTX 4090, 49 %, 18 %, 19206 MiB, 49140 MiB, 278.45 W, 61
2026/08/14 01:50:23.695, NVIDIA GeForce RTX 4090, 60 %, 29 %, 19206 MiB, 49140 MiB, 283.02 W, 66
2026/08/14 01:50:24.695, NVIDIA GeForce RTX 4090, 75 %, 42 %, 19206 MiB, 49140 MiB, 283.40 W, 67
2026/08/14 01:50:25.695, NVIDIA GeForce RTX 4090, 88 %, 45 %, 19206 MiB, 49140 MiB, 301.83 W, 64
2026/08/14 01:50:26.695, NVIDIA GeForce RTX 4090, 39 %, 14 %, 19206 MiB, 49140 MiB, 288.67 W, 61
2026/08/14 01:50:27.696, NVIDIA GeForce RTX 4090, 44 %, 15 %, 19206 MiB, 49140 MiB, 280.00 W, 62
2026/08/14 01:50:28.696, NVIDIA GeForce RTX 4090, 53 %, 21 %, 19206 MiB, 49140 MiB, 278.59 W, 63
2026/08/14 01:50:29.696, NVIDIA GeForce RTX 4090, 96 %, 53 %, 19206 MiB, 49140 MiB, 316.07 W, 68
2026/08/14 01:50:30.696, NVIDIA GeForce RTX 4090, 59 %, 24 %, 19206 MiB, 49140 MiB, 302.17 W, 62
2026/08/14 01:50:31.697, NVIDIA GeForce RTX 4090, 47 %, 17 %, 19206 MiB, 49140 MiB, 274.79 W, 61
2026/08/14 01:50:32.697, NVIDIA GeForce RTX 4090, 100 %, 52 %, 19206 MiB, 49140 MiB, 347.99 W, 69
2026/08/14 01:50:33.697, NVIDIA GeForce RTX 4090, 94 %, 51 %, 19206 MiB, 49140 MiB, 317.27 W, 68
2026/08/14 01:50:34.697, NVIDIA GeForce RTX 4090, 55 %, 32 %, 19206 MiB, 49140 MiB, 276.13 W, 67
2026/08/14 01:50:35.698, NVIDIA GeForce RTX 4090, 26 %, 10 %, 19206 MiB, 49140 MiB, 275.52 W, 66
2026/08/14 01:50:36.698, NVIDIA GeForce RTX 4090, 53 %, 18 %, 19206 MiB, 49140 MiB, 273.73 W, 64
2026/08/14 01:50:37.698, NVIDIA GeForce RTX 4090, 52 %, 19 %, 19206 MiB, 49140 MiB, 280.76 W, 67
2026/08/14 01:50:38.700, NVIDIA GeForce RTX 4090, 75 %, 42 %, 19206 MiB, 49140 MiB, 304.17 W, 67
2026/08/14 01:50:39.701, NVIDIA GeForce RTX 4090, 54 %, 30 %, 19206 MiB, 49140 MiB, 297.51 W, 67
2026/08/14 01:50:40.701, NVIDIA GeForce RTX 4090, 37 %, 13 %, 19206 MiB, 49140 MiB, 294.22 W, 63
2026/08/14 01:50:41.701, NVIDIA GeForce RTX 4090, 40 %, 13 %, 19206 MiB, 49140 MiB, 282.88 W, 64
2026/08/14 01:50:42.701, NVIDIA GeForce RTX 4090, 52 %, 20 %, 19206 MiB, 49140 MiB, 272.80 W, 67
2026/08/14 01:50:43.701, NVIDIA GeForce RTX 4090, 74 %, 41 %, 19206 MiB, 49140 MiB, 289.63 W, 68
2026/08/14 01:50:44.701, NVIDIA GeForce RTX 4090, 93 %, 51 %, 19206 MiB, 49140 MiB, 304.27 W, 68
2026/08/14 01:50:45.702, NVIDIA GeForce RTX 4090, 55 %, 23 %, 19206 MiB, 49140 MiB, 295.35 W, 62
2026/08/14 01:50:46.702, NVIDIA GeForce RTX 4090, 43 %, 15 %, 19206 MiB, 49140 MiB, 289.27 W, 62
2026/08/14 01:50:47.702, NVIDIA GeForce RTX 4090, 68 %, 25 %, 19206 MiB, 49140 MiB, 283.79 W, 67
2026/08/14 01:50:48.702, NVIDIA GeForce RTX 4090, 74 %, 42 %, 19206 MiB, 49140 MiB, 303.49 W, 67
2026/08/14 01:50:49.703, NVIDIA GeForce RTX 4090, 85 %, 42 %, 19206 MiB, 49140 MiB, 308.09 W, 67
2026/08/14 01:50:50.703, NVIDIA GeForce RTX 4090, 42 %, 15 %, 19206 MiB, 49140 MiB, 288.45 W, 63
2026/08/14 01:50:51.703, NVIDIA GeForce RTX 4090, 49 %, 17 %, 19206 MiB, 49140 MiB, 278.36 W, 65
2026/08/14 01:50:52.703, NVIDIA GeForce RTX 4090, 52 %, 20 %, 19206 MiB, 49140 MiB, 284.99 W, 66
2026/08/14 01:50:53.703, NVIDIA GeForce RTX 4090, 60 %, 29 %, 19206 MiB, 49140 MiB, 279.39 W, 66
2026/08/14 01:50:54.703, NVIDIA GeForce RTX 4090, 96 %, 53 %, 19206 MiB, 49140 MiB, 303.43 W, 68
2026/08/14 01:50:55.704, NVIDIA GeForce RTX 4090, 57 %, 25 %, 19206 MiB, 49140 MiB, 296.49 W, 64
2026/08/14 01:50:56.704, NVIDIA GeForce RTX 4090, 40 %, 14 %, 19206 MiB, 49140 MiB, 274.62 W, 63
2026/08/14 01:50:57.704, NVIDIA GeForce RTX 4090, 44 %, 15 %, 19206 MiB, 49140 MiB, 277.21 W, 65
2026/08/14 01:50:58.704, NVIDIA GeForce RTX 4090, 55 %, 21 %, 19206 MiB, 49140 MiB, 280.41 W, 66
2026/08/14 01:50:59.705, NVIDIA GeForce RTX 4090, 75 %, 43 %, 19206 MiB, 49140 MiB, 305.79 W, 67
2026/08/14 01:51:00.705, NVIDIA GeForce RTX 4090, 93 %, 54 %, 19206 MiB, 49140 MiB, 295.81 W, 67
2026/08/14 01:51:01.705, NVIDIA GeForce RTX 4090, 50 %, 18 %, 19206 MiB, 49140 MiB, 303.61 W, 64
2026/08/14 01:51:02.705, NVIDIA GeForce RTX 4090, 42 %, 15 %, 19206 MiB, 49140 MiB, 280.98 W, 64
2026/08/14 01:51:03.705, NVIDIA GeForce RTX 4090, 48 %, 17 %, 19206 MiB, 49140 MiB, 281.02 W, 67
2026/08/14 01:51:04.706, NVIDIA GeForce RTX 4090, 60 %, 29 %, 19206 MiB, 49140 MiB, 284.01 W, 67
2026/08/14 01:51:05.706, NVIDIA GeForce RTX 4090, 99 %, 56 %, 19206 MiB, 49140 MiB, 304.75 W, 68
2026/08/14 01:51:06.706, NVIDIA GeForce RTX 4090, 56 %, 26 %, 19206 MiB, 49140 MiB, 298.48 W, 68
2026/08/14 01:51:07.706, NVIDIA GeForce RTX 4090, 39 %, 14 %, 19206 MiB, 49140 MiB, 283.20 W, 66
2026/08/14 01:51:08.707, NVIDIA GeForce RTX 4090, 54 %, 20 %, 19206 MiB, 49140 MiB, 292.73 W, 67
2026/08/14 01:51:09.707, NVIDIA GeForce RTX 4090, 74 %, 40 %, 19206 MiB, 49140 MiB, 295.33 W, 68
2026/08/14 01:51:10.707, NVIDIA GeForce RTX 4090, 93 %, 54 %, 19206 MiB, 49140 MiB, 306.98 W, 67
2026/08/14 01:51:11.708, NVIDIA GeForce RTX 4090, 43 %, 15 %, 19206 MiB, 49140 MiB, 303.93 W, 64
2026/08/14 01:51:12.708, NVIDIA GeForce RTX 4090, 41 %, 14 %, 19206 MiB, 49140 MiB, 274.27 W, 63
2026/08/14 01:51:13.708, NVIDIA GeForce RTX 4090, 45 %, 15 %, 19206 MiB, 49140 MiB, 268.23 W, 66
2026/08/14 01:51:14.708, NVIDIA GeForce RTX 4090, 52 %, 19 %, 19206 MiB, 49140 MiB, 280.17 W, 67
2026/08/14 01:51:15.709, NVIDIA GeForce RTX 4090, 0 %, 0 %, 19206 MiB, 49140 MiB, 334.49 W, 58
2026/08/14 01:51:16.709, NVIDIA GeForce RTX 4090, 3 %, 0 %, 19206 MiB, 49140 MiB, 106.74 W, 55
2026/08/14 01:51:17.709, NVIDIA GeForce RTX 4090, 0 %, 0 %, 19206 MiB, 49140 MiB, 101.14 W, 54
2026/08/14 01:51:18.710, NVIDIA GeForce RTX 4090, 32 %, 12 %, 19206 MiB, 49140 MiB, 146.53 W, 63
2026/08/14 01:51:19.710, NVIDIA GeForce RTX 4090, 42 %, 15 %, 19206 MiB, 49140 MiB, 258.49 W, 60
2026/08/14 01:51:20.710, NVIDIA GeForce RTX 4090, 36 %, 13 %, 19206 MiB, 49140 MiB, 260.86 W, 66
2026/08/14 01:51:21.711, NVIDIA GeForce RTX 4090, 43 %, 15 %, 19206 MiB, 49140 MiB, 264.58 W, 65
2026/08/14 01:51:22.711, NVIDIA GeForce RTX 4090, 68 %, 24 %, 19206 MiB, 49140 MiB, 277.58 W, 67
2026/08/14 01:51:23.711, NVIDIA GeForce RTX 4090, 46 %, 18 %, 19206 MiB, 49140 MiB, 275.91 W, 66
2026/08/14 01:51:24.711, NVIDIA GeForce RTX 4090, 99 %, 59 %, 19206 MiB, 49140 MiB, 309.31 W, 66
2026/08/14 01:51:25.711, NVIDIA GeForce RTX 4090, 86 %, 43 %, 19206 MiB, 49140 MiB, 297.72 W, 69
2026/08/14 01:51:26.712, NVIDIA GeForce RTX 4090, 53 %, 19 %, 19206 MiB, 49140 MiB, 290.31 W, 64
2026/08/14 01:51:27.712, NVIDIA GeForce RTX 4090, 41 %, 14 %, 19206 MiB, 49140 MiB, 279.71 W, 66
2026/08/14 01:51:28.712, NVIDIA GeForce RTX 4090, 50 %, 20 %, 19206 MiB, 49140 MiB, 278.45 W, 66
2026/08/14 01:51:29.712, NVIDIA GeForce RTX 4090, 87 %, 48 %, 19206 MiB, 49140 MiB, 315.52 W, 68
2026/08/14 01:51:30.713, NVIDIA GeForce RTX 4090, 37 %, 19 %, 19206 MiB, 49140 MiB, 291.44 W, 66
2026/08/14 01:51:31.713, NVIDIA GeForce RTX 4090, 42 %, 15 %, 19206 MiB, 49140 MiB, 283.46 W, 67
2026/08/14 01:51:32.713, NVIDIA GeForce RTX 4090, 49 %, 17 %, 19206 MiB, 49140 MiB, 276.29 W, 67
2026/08/14 01:51:33.713, NVIDIA GeForce RTX 4090, 64 %, 30 %, 19206 MiB, 49140 MiB, 283.72 W, 67
2026/08/14 01:51:34.713, NVIDIA GeForce RTX 4090, 75 %, 43 %, 19206 MiB, 49140 MiB, 282.31 W, 64
2026/08/14 01:51:35.713, NVIDIA GeForce RTX 4090, 56 %, 29 %, 19206 MiB, 49140 MiB, 301.91 W, 67
2026/08/14 01:51:36.714, NVIDIA GeForce RTX 4090, 53 %, 18 %, 19206 MiB, 49140 MiB, 294.28 W, 67
2026/08/14 01:51:37.714, NVIDIA GeForce RTX 4090, 52 %, 19 %, 19206 MiB, 49140 MiB, 277.07 W, 66
2026/08/14 01:51:38.783, NVIDIA GeForce RTX 4090, 75 %, 43 %, 19206 MiB, 49140 MiB, 296.62 W, 65
2026/08/14 01:51:39.784, NVIDIA GeForce RTX 4090, 86 %, 43 %, 19206 MiB, 49140 MiB, 309.50 W, 68
2026/08/14 01:51:40.784, NVIDIA GeForce RTX 4090, 46 %, 17 %, 19206 MiB, 49140 MiB, 288.50 W, 66
2026/08/14 01:51:41.784, NVIDIA GeForce RTX 4090, 43 %, 15 %, 19206 MiB, 49140 MiB, 275.84 W, 67
2026/08/14 01:51:42.784, NVIDIA GeForce RTX 4090, 51 %, 19 %, 19206 MiB, 49140 MiB, 279.67 W, 66
2026/08/14 01:51:43.785, NVIDIA GeForce RTX 4090, 65 %, 31 %, 19206 MiB, 49140 MiB, 276.77 W, 66
2026/08/14 01:51:44.785, NVIDIA GeForce RTX 4090, 72 %, 41 %, 19206 MiB, 49140 MiB, 284.23 W, 65
2026/08/14 01:51:45.785, NVIDIA GeForce RTX 4090, 57 %, 28 %, 19206 MiB, 49140 MiB, 301.62 W, 66
2026/08/14 01:51:46.786, NVIDIA GeForce RTX 4090, 43 %, 17 %, 19206 MiB, 49140 MiB, 285.07 W, 67
2026/08/14 01:51:47.786, NVIDIA GeForce RTX 4090, 26 %, 10 %, 19206 MiB, 49140 MiB, 272.16 W, 66
2026/08/14 01:51:48.786, NVIDIA GeForce RTX 4090, 45 %, 16 %, 19206 MiB, 49140 MiB, 278.69 W, 66
2026/08/14 01:51:49.787, NVIDIA GeForce RTX 4090, 90 %, 42 %, 19206 MiB, 49140 MiB, 295.03 W, 68
2026/08/14 01:51:50.787, NVIDIA GeForce RTX 4090, 89 %, 52 %, 19206 MiB, 49140 MiB, 312.24 W, 66
2026/08/14 01:51:51.787, NVIDIA GeForce RTX 4090, 48 %, 23 %, 19206 MiB, 49140 MiB, 297.38 W, 69
2026/08/14 01:51:52.787, NVIDIA GeForce RTX 4090, 41 %, 14 %, 19206 MiB, 49140 MiB, 278.82 W, 67
2026/08/14 01:51:53.788, NVIDIA GeForce RTX 4090, 35 %, 12 %, 19206 MiB, 49140 MiB, 277.44 W, 66
2026/08/14 01:51:54.788, NVIDIA GeForce RTX 4090, 55 %, 23 %, 19206 MiB, 49140 MiB, 293.43 W, 66
2026/08/14 01:51:55.788, NVIDIA GeForce RTX 4090, 94 %, 55 %, 19206 MiB, 49140 MiB, 293.03 W, 69
2026/08/14 01:51:56.788, NVIDIA GeForce RTX 4090, 48 %, 23 %, 19206 MiB, 49140 MiB, 319.21 W, 68
2026/08/14 01:51:57.789, NVIDIA GeForce RTX 4090, 35 %, 13 %, 19206 MiB, 49140 MiB, 273.67 W, 65
2026/08/14 01:51:58.789, NVIDIA GeForce RTX 4090, 39 %, 14 %, 19206 MiB, 49140 MiB, 278.62 W, 67
2026/08/14 01:51:59.789, NVIDIA GeForce RTX 4090, 42 %, 14 %, 19206 MiB, 49140 MiB, 273.87 W, 66
2026/08/14 01:52:00.790, NVIDIA GeForce RTX 4090, 53 %, 21 %, 19206 MiB, 49140 MiB, 285.76 W, 65
2026/08/14 01:52:01.790, NVIDIA GeForce RTX 4090, 65 %, 34 %, 19206 MiB, 49140 MiB, 370.38 W, 66
2026/08/14 01:52:02.790, NVIDIA GeForce RTX 4090, 34 %, 13 %, 19206 MiB, 49140 MiB, 282.36 W, 66
2026/08/14 01:52:03.791, NVIDIA GeForce RTX 4090, 37 %, 13 %, 19206 MiB, 49140 MiB, 278.11 W, 67
2026/08/14 01:52:04.791, NVIDIA GeForce RTX 4090, 51 %, 18 %, 19206 MiB, 49140 MiB, 280.78 W, 67
2026/08/14 01:52:05.791, NVIDIA GeForce RTX 4090, 54 %, 21 %, 19206 MiB, 49140 MiB, 279.11 W, 65
2026/08/14 01:52:06.792, NVIDIA GeForce RTX 4090, 90 %, 55 %, 19206 MiB, 49140 MiB, 300.79 W, 67
2026/08/14 01:52:07.792, NVIDIA GeForce RTX 4090, 79 %, 41 %, 19206 MiB, 49140 MiB, 307.43 W, 68
2026/08/14 01:52:08.792, NVIDIA GeForce RTX 4090, 28 %, 10 %, 19206 MiB, 49140 MiB, 288.48 W, 64
2026/08/14 01:52:09.792, NVIDIA GeForce RTX 4090, 40 %, 15 %, 19206 MiB, 49140 MiB, 296.25 W, 66
2026/08/14 01:52:10.793, NVIDIA GeForce RTX 4090, 67 %, 37 %, 19206 MiB, 49140 MiB, 294.96 W, 66
2026/08/14 01:52:11.793, NVIDIA GeForce RTX 4090, 89 %, 47 %, 19206 MiB, 49140 MiB, 310.88 W, 69
2026/08/14 01:52:12.793, NVIDIA GeForce RTX 4090, 34 %, 13 %, 19206 MiB, 49140 MiB, 294.27 W, 66
2026/08/14 01:52:13.793, NVIDIA GeForce RTX 4090, 37 %, 13 %, 19206 MiB, 49140 MiB, 277.35 W, 66
2026/08/14 01:52:14.793, NVIDIA GeForce RTX 4090, 44 %, 15 %, 19206 MiB, 49140 MiB, 279.98 W, 66
2026/08/14 01:52:15.794, NVIDIA GeForce RTX 4090, 90 %, 46 %, 19206 MiB, 49140 MiB, 295.12 W, 69
2026/08/14 01:52:16.794, NVIDIA GeForce RTX 4090, 66 %, 34 %, 19206 MiB, 49140 MiB, 313.71 W, 67
2026/08/14 01:52:17.794, NVIDIA GeForce RTX 4090, 48 %, 23 %, 19206 MiB, 49140 MiB, 279.39 W, 69
2026/08/14 01:52:18.795, NVIDIA GeForce RTX 4090, 39 %, 15 %, 19206 MiB, 49140 MiB, 272.23 W, 65
2026/08/14 01:52:19.795, NVIDIA GeForce RTX 4090, 32 %, 11 %, 19206 MiB, 49140 MiB, 264.52 W, 64
2026/08/14 01:52:20.795, NVIDIA GeForce RTX 4090, 35 %, 12 %, 19206 MiB, 49140 MiB, 274.76 W, 65
2026/08/14 01:52:21.795, NVIDIA GeForce RTX 4090, 43 %, 15 %, 19206 MiB, 49140 MiB, 273.27 W, 64
2026/08/14 01:52:22.795, NVIDIA GeForce RTX 4090, 55 %, 22 %, 19206 MiB, 49140 MiB, 278.38 W, 65
2026/08/14 01:52:23.796, NVIDIA GeForce RTX 4090, 83 %, 51 %, 19206 MiB, 49140 MiB, 297.77 W, 69
2026/08/14 01:52:24.796, NVIDIA GeForce RTX 4090, 61 %, 33 %, 19206 MiB, 49140 MiB, 300.46 W, 66
2026/08/14 01:52:25.796, NVIDIA GeForce RTX 4090, 31 %, 11 %, 19206 MiB, 49140 MiB, 283.82 W, 65
2026/08/14 01:52:26.796, NVIDIA GeForce RTX 4090, 39 %, 14 %, 19206 MiB, 49140 MiB, 271.17 W, 66
2026/08/14 01:52:27.797, NVIDIA GeForce RTX 4090, 43 %, 15 %, 19206 MiB, 49140 MiB, 279.21 W, 65
2026/08/14 01:52:28.797, NVIDIA GeForce RTX 4090, 55 %, 22 %, 19206 MiB, 49140 MiB, 276.49 W, 65
2026/08/14 01:52:29.797, NVIDIA GeForce RTX 4090, 83 %, 51 %, 19206 MiB, 49140 MiB, 296.38 W, 69
2026/08/14 01:52:30.798, NVIDIA GeForce RTX 4090, 47 %, 22 %, 19206 MiB, 49140 MiB, 305.01 W, 66
2026/08/14 01:52:31.798, NVIDIA GeForce RTX 4090, 54 %, 20 %, 19206 MiB, 49140 MiB, 281.83 W, 65
2026/08/14 01:52:32.798, NVIDIA GeForce RTX 4090, 40 %, 13 %, 19206 MiB, 49140 MiB, 288.70 W, 65
2026/08/14 01:52:33.798, NVIDIA GeForce RTX 4090, 54 %, 21 %, 19206 MiB, 49140 MiB, 284.20 W, 65
2026/08/14 01:52:34.798, NVIDIA GeForce RTX 4090, 67 %, 38 %, 19206 MiB, 49140 MiB, 285.81 W, 66
2026/08/14 01:52:35.799, NVIDIA GeForce RTX 4090, 72 %, 37 %, 19206 MiB, 49140 MiB, 300.26 W, 62
2026/08/14 01:52:36.799, NVIDIA GeForce RTX 4090, 26 %, 10 %, 19206 MiB, 49140 MiB, 282.90 W, 64
2026/08/14 01:52:37.799, NVIDIA GeForce RTX 4090, 37 %, 13 %, 19206 MiB, 49140 MiB, 287.15 W, 65
2026/08/14 01:52:38.799, NVIDIA GeForce RTX 4090, 43 %, 15 %, 19206 MiB, 49140 MiB, 278.55 W, 65
2026/08/14 01:52:39.800, NVIDIA GeForce RTX 4090, 62 %, 31 %, 19206 MiB, 49140 MiB, 287.24 W, 65
2026/08/14 01:52:40.800, NVIDIA GeForce RTX 4090, 78 %, 45 %, 19206 MiB, 49140 MiB, 295.83 W, 68
2026/08/14 01:52:41.800, NVIDIA GeForce RTX 4090, 48 %, 23 %, 19206 MiB, 49140 MiB, 294.84 W, 66
2026/08/14 01:52:42.800, NVIDIA GeForce RTX 4090, 37 %, 13 %, 19206 MiB, 49140 MiB, 290.86 W, 65
2026/08/14 01:52:43.800, NVIDIA GeForce RTX 4090, 43 %, 15 %, 19206 MiB, 49140 MiB, 277.58 W, 65
2026/08/14 01:52:44.801, NVIDIA GeForce RTX 4090, 0 %, 0 %, 19206 MiB, 49140 MiB, 337.92 W, 59
2026/08/14 01:52:45.801, NVIDIA GeForce RTX 4090, 0 %, 0 %, 19206 MiB, 49140 MiB, 106.31 W, 56
2026/08/14 01:52:46.801, NVIDIA GeForce RTX 4090, 0 %, 0 %, 19206 MiB, 49140 MiB, 99.98 W, 54
2026/08/14 01:52:47.801, NVIDIA GeForce RTX 4090, 71 %, 35 %, 19206 MiB, 49140 MiB, 130.35 W, 62
2026/08/14 01:52:48.802, NVIDIA GeForce RTX 4090, 57 %, 25 %, 19206 MiB, 49140 MiB, 277.14 W, 65
2026/08/14 01:52:49.802, NVIDIA GeForce RTX 4090, 53 %, 18 %, 19206 MiB, 49140 MiB, 294.96 W, 64
2026/08/14 01:52:50.803, NVIDIA GeForce RTX 4090, 40 %, 15 %, 19206 MiB, 49140 MiB, 286.73 W, 63
2026/08/14 01:52:51.803, NVIDIA GeForce RTX 4090, 51 %, 20 %, 19206 MiB, 49140 MiB, 274.66 W, 63
2026/08/14 01:52:52.804, NVIDIA GeForce RTX 4090, 72 %, 45 %, 19206 MiB, 49140 MiB, 305.65 W, 64
2026/08/14 01:52:53.804, NVIDIA GeForce RTX 4090, 48 %, 23 %, 19206 MiB, 49140 MiB, 296.74 W, 64
2026/08/14 01:52:54.804, NVIDIA GeForce RTX 4090, 39 %, 14 %, 19206 MiB, 49140 MiB, 275.95 W, 62
2026/08/14 01:52:55.804, NVIDIA GeForce RTX 4090, 35 %, 12 %, 19206 MiB, 49140 MiB, 276.03 W, 64
2026/08/14 01:52:56.804, NVIDIA GeForce RTX 4090, 40 %, 15 %, 19206 MiB, 49140 MiB, 280.31 W, 63
2026/08/14 01:52:57.804, NVIDIA GeForce RTX 4090, 61 %, 34 %, 19206 MiB, 49140 MiB, 292.18 W, 64
2026/08/14 01:52:58.805, NVIDIA GeForce RTX 4090, 75 %, 39 %, 19206 MiB, 49140 MiB, 304.20 W, 61
2026/08/14 01:52:59.805, NVIDIA GeForce RTX 4090, 34 %, 13 %, 19206 MiB, 49140 MiB, 297.95 W, 63
2026/08/14 01:53:00.805, NVIDIA GeForce RTX 4090, 35 %, 12 %, 19206 MiB, 49140 MiB, 282.47 W, 61
2026/08/14 01:53:01.805, NVIDIA GeForce RTX 4090, 69 %, 33 %, 19206 MiB, 49140 MiB, 306.04 W, 63
2026/08/14 01:53:02.805, NVIDIA GeForce RTX 4090, 73 %, 45 %, 19206 MiB, 49140 MiB, 299.30 W, 67
2026/08/14 01:53:03.806, NVIDIA GeForce RTX 4090, 38 %, 15 %, 19206 MiB, 49140 MiB, 302.67 W, 63
2026/08/14 01:53:04.806, NVIDIA GeForce RTX 4090, 37 %, 13 %, 19206 MiB, 49140 MiB, 276.48 W, 62
2026/08/14 01:53:05.806, NVIDIA GeForce RTX 4090, 56 %, 20 %, 19206 MiB, 49140 MiB, 294.64 W, 63
2026/08/14 01:53:06.806, NVIDIA GeForce RTX 4090, 74 %, 44 %, 19206 MiB, 49140 MiB, 319.90 W, 68
2026/08/14 01:53:07.806, NVIDIA GeForce RTX 4090, 40 %, 19 %, 19206 MiB, 49140 MiB, 297.68 W, 63
2026/08/14 01:53:08.807, NVIDIA GeForce RTX 4090, 37 %, 13 %, 19206 MiB, 49140 MiB, 277.47 W, 63
2026/08/14 01:53:09.807, NVIDIA GeForce RTX 4090, 42 %, 15 %, 19206 MiB, 49140 MiB, 290.64 W, 63
2026/08/14 01:53:10.807, NVIDIA GeForce RTX 4090, 55 %, 22 %, 19206 MiB, 49140 MiB, 279.75 W, 62
2026/08/14 01:53:11.807, NVIDIA GeForce RTX 4090, 74 %, 45 %, 19206 MiB, 49140 MiB, 303.06 W, 68
2026/08/14 01:53:12.808, NVIDIA GeForce RTX 4090, 70 %, 36 %, 19206 MiB, 49140 MiB, 291.41 W, 61
2026/08/14 01:53:13.808, NVIDIA GeForce RTX 4090, 37 %, 13 %, 19206 MiB, 49140 MiB, 274.62 W, 59
2026/08/14 01:53:14.808, NVIDIA GeForce RTX 4090, 45 %, 16 %, 19206 MiB, 49140 MiB, 304.39 W, 60
2026/08/14 01:53:15.808, NVIDIA GeForce RTX 4090, 36 %, 20 %, 19206 MiB, 49140 MiB, 305.59 W, 59
2026/08/14 01:53:16.809, NVIDIA GeForce RTX 4090, 52 %, 25 %, 19206 MiB, 49140 MiB, 294.13 W, 60
2026/08/14 01:53:17.809, NVIDIA GeForce RTX 4090, 35 %, 13 %, 19206 MiB, 49140 MiB, 286.55 W, 60
2026/08/14 01:53:18.809, NVIDIA GeForce RTX 4090, 39 %, 13 %, 19206 MiB, 49140 MiB, 270.57 W, 59
2026/08/14 01:53:19.883, NVIDIA GeForce RTX 4090, 50 %, 18 %, 19206 MiB, 49140 MiB, 299.70 W, 60
2026/08/14 01:53:20.884, NVIDIA GeForce RTX 4090, 46 %, 16 %, 19206 MiB, 49140 MiB, 283.61 W, 59
2026/08/14 01:53:21.884, NVIDIA GeForce RTX 4090, 49 %, 17 %, 19206 MiB, 49140 MiB, 282.80 W, 60
2026/08/14 01:53:22.884, NVIDIA GeForce RTX 4090, 72 %, 36 %, 19206 MiB, 49140 MiB, 294.10 W, 62
2026/08/14 01:53:23.884, NVIDIA GeForce RTX 4090, 69 %, 44 %, 19206 MiB, 49140 MiB, 303.62 W, 66
2026/08/14 01:53:24.885, NVIDIA GeForce RTX 4090, 53 %, 25 %, 19206 MiB, 49140 MiB, 288.21 W, 61
2026/08/14 01:53:25.885, NVIDIA GeForce RTX 4090, 36 %, 12 %, 19206 MiB, 49140 MiB, 275.87 W, 59
2026/08/14 01:53:26.885, NVIDIA GeForce RTX 4090, 78 %, 27 %, 19206 MiB, 49140 MiB, 298.15 W, 61
2026/08/14 01:53:27.886, NVIDIA GeForce RTX 4090, 74 %, 45 %, 19206 MiB, 49140 MiB, 311.92 W, 68
2026/08/14 01:53:28.886, NVIDIA GeForce RTX 4090, 100 %, 57 %, 19206 MiB, 49140 MiB, 340.24 W, 68
2026/08/14 01:53:29.886, NVIDIA GeForce RTX 4090, 55 %, 22 %, 19206 MiB, 49140 MiB, 342.54 W, 60
2026/08/14 01:53:30.886, NVIDIA GeForce RTX 4090, 68 %, 35 %, 19206 MiB, 49140 MiB, 291.15 W, 62
2026/08/14 01:53:31.886, NVIDIA GeForce RTX 4090, 82 %, 42 %, 19206 MiB, 49140 MiB, 301.76 W, 68
2026/08/14 01:53:32.887, NVIDIA GeForce RTX 4090, 53 %, 25 %, 19206 MiB, 49140 MiB, 289.07 W, 61
2026/08/14 01:53:33.887, NVIDIA GeForce RTX 4090, 48 %, 17 %, 19206 MiB, 49140 MiB, 283.01 W, 60
2026/08/14 01:53:34.887, NVIDIA GeForce RTX 4090, 55 %, 22 %, 19206 MiB, 49140 MiB, 293.48 W, 60
2026/08/14 01:53:35.887, NVIDIA GeForce RTX 4090, 65 %, 39 %, 19206 MiB, 49140 MiB, 301.35 W, 63
2026/08/14 01:53:36.888, NVIDIA GeForce RTX 4090, 55 %, 26 %, 19206 MiB, 49140 MiB, 300.85 W, 69
2026/08/14 01:53:37.888, NVIDIA GeForce RTX 4090, 43 %, 17 %, 19206 MiB, 49140 MiB, 279.72 W, 61
2026/08/14 01:53:38.888, NVIDIA GeForce RTX 4090, 43 %, 16 %, 19206 MiB, 49140 MiB, 279.85 W, 60
2026/08/14 01:53:39.888, NVIDIA GeForce RTX 4090, 40 %, 15 %, 19206 MiB, 49140 MiB, 277.95 W, 60
2026/08/14 01:53:40.888, NVIDIA GeForce RTX 4090, 70 %, 27 %, 19206 MiB, 49140 MiB, 285.41 W, 61
2026/08/14 01:53:41.888, NVIDIA GeForce RTX 4090, 92 %, 49 %, 19206 MiB, 49140 MiB, 297.56 W, 69
2026/08/14 01:53:42.889, NVIDIA GeForce RTX 4090, 60 %, 22 %, 19206 MiB, 49140 MiB, 304.11 W, 64
2026/08/14 01:53:43.889, NVIDIA GeForce RTX 4090, 39 %, 14 %, 19206 MiB, 49140 MiB, 282.81 W, 60
2026/08/14 01:53:44.889, NVIDIA GeForce RTX 4090, 45 %, 15 %, 19206 MiB, 49140 MiB, 289.27 W, 60
2026/08/14 01:53:45.890, NVIDIA GeForce RTX 4090, 74 %, 42 %, 19206 MiB, 49140 MiB, 299.01 W, 63
2026/08/14 01:53:46.890, NVIDIA GeForce RTX 4090, 71 %, 32 %, 19206 MiB, 49140 MiB, 315.07 W, 69
2026/08/14 01:53:47.890, NVIDIA GeForce RTX 4090, 36 %, 13 %, 19206 MiB, 49140 MiB, 288.46 W, 60
2026/08/14 01:53:48.890, NVIDIA GeForce RTX 4090, 44 %, 16 %, 19206 MiB, 49140 MiB, 289.90 W, 60
2026/08/14 01:53:49.891, NVIDIA GeForce RTX 4090, 53 %, 21 %, 19206 MiB, 49140 MiB, 279.34 W, 60
2026/08/14 01:53:50.891, NVIDIA GeForce RTX 4090, 62 %, 36 %, 19206 MiB, 49140 MiB, 276.92 W, 61
2026/08/14 01:53:51.891, NVIDIA GeForce RTX 4090, 72 %, 42 %, 19206 MiB, 49140 MiB, 283.70 W, 63
2026/08/14 01:53:52.891, NVIDIA GeForce RTX 4090, 53 %, 24 %, 19206 MiB, 49140 MiB, 299.68 W, 63
2026/08/14 01:53:53.892, NVIDIA GeForce RTX 4090, 40 %, 14 %, 19206 MiB, 49140 MiB, 279.36 W, 60
2026/08/14 01:53:54.892, NVIDIA GeForce RTX 4090, 47 %, 17 %, 19206 MiB, 49140 MiB, 283.58 W, 62
2026/08/14 01:53:55.892, NVIDIA GeForce RTX 4090, 58 %, 29 %, 19206 MiB, 49140 MiB, 297.12 W, 60
2026/08/14 01:53:56.892, NVIDIA GeForce RTX 4090, 73 %, 43 %, 19206 MiB, 49140 MiB, 291.45 W, 63
2026/08/14 01:53:57.893, NVIDIA GeForce RTX 4090, 87 %, 44 %, 19206 MiB, 49140 MiB, 290.44 W, 66
2026/08/14 01:53:58.893, NVIDIA GeForce RTX 4090, 32 %, 13 %, 19206 MiB, 49140 MiB, 284.34 W, 62
2026/08/14 01:53:59.893, NVIDIA GeForce RTX 4090, 38 %, 13 %, 19206 MiB, 49140 MiB, 276.93 W, 60
2026/08/14 01:54:00.893, NVIDIA GeForce RTX 4090, 35 %, 12 %, 19206 MiB, 49140 MiB, 279.87 W, 60
2026/08/14 01:54:01.894, NVIDIA GeForce RTX 4090, 52 %, 17 %, 19206 MiB, 49140 MiB, 284.10 W, 60
2026/08/14 01:54:02.894, NVIDIA GeForce RTX 4090, 81 %, 43 %, 19206 MiB, 49140 MiB, 285.11 W, 65
2026/08/14 01:54:03.894, NVIDIA GeForce RTX 4090, 89 %, 46 %, 19206 MiB, 49140 MiB, 317.26 W, 68
2026/08/14 01:54:04.894, NVIDIA GeForce RTX 4090, 39 %, 15 %, 19206 MiB, 49140 MiB, 286.48 W, 62
2026/08/14 01:54:05.894, NVIDIA GeForce RTX 4090, 43 %, 15 %, 19206 MiB, 49140 MiB, 280.02 W, 61
2026/08/14 01:54:06.895, NVIDIA GeForce RTX 4090, 43 %, 15 %, 19206 MiB, 49140 MiB, 280.30 W, 60
2026/08/14 01:54:07.895, NVIDIA GeForce RTX 4090, 57 %, 29 %, 19206 MiB, 49140 MiB, 282.04 W, 60
2026/08/14 01:54:08.895, NVIDIA GeForce RTX 4090, 72 %, 43 %, 19206 MiB, 49140 MiB, 294.58 W, 64
2026/08/14 01:54:09.895, NVIDIA GeForce RTX 4090, 48 %, 18 %, 19206 MiB, 49140 MiB, 310.46 W, 63
2026/08/14 01:54:10.896, NVIDIA GeForce RTX 4090, 36 %, 13 %, 19206 MiB, 49140 MiB, 282.22 W, 61
2026/08/14 01:54:11.896, NVIDIA GeForce RTX 4090, 100 %, 53 %, 19206 MiB, 49140 MiB, 337.18 W, 68
2026/08/14 01:54:12.896, NVIDIA GeForce RTX 4090, 0 %, 0 %, 19206 MiB, 49140 MiB, 160.07 W, 56
2026/08/14 01:54:13.896, NVIDIA GeForce RTX 4090, 0 %, 0 %, 19206 MiB, 49140 MiB, 106.35 W, 55
2026/08/14 01:54:14.896, NVIDIA GeForce RTX 4090, 0 %, 0 %, 19206 MiB, 49140 MiB, 90.64 W, 54
2026/08/14 01:54:15.896, NVIDIA GeForce RTX 4090, 0 %, 0 %, 19206 MiB, 49140 MiB, 89.14 W, 53
2026/08/14 01:54:16.897, NVIDIA GeForce RTX 4090, 0 %, 0 %, 19206 MiB, 49140 MiB, 88.01 W, 53
2026/08/14 01:54:17.897, NVIDIA GeForce RTX 4090, 0 %, 0 %, 19206 MiB, 49140 MiB, 87.90 W, 53
2026/08/14 01:54:18.897, NVIDIA GeForce RTX 4090, 0 %, 0 %, 19206 MiB, 49140 MiB, 87.52 W, 52
2026/08/14 01:54:19.897, NVIDIA GeForce RTX 4090, 0 %, 0 %, 19206 MiB, 49140 MiB, 87.15 W, 52
2026/08/14 01:54:20.898, NVIDIA GeForce RTX 4090, 0 %, 0 %, 19206 MiB, 49140 MiB, 86.65 W, 52
2026/08/14 01:54:21.898, NVIDIA GeForce RTX 4090, 0 %, 0 %, 19206 MiB, 49140 MiB, 86.18 W, 51
2026/08/14 01:54:22.898, NVIDIA GeForce RTX 4090, 0 %, 0 %, 19206 MiB, 49140 MiB, 86.42 W, 51
2026/08/14 01:54:23.898, NVIDIA GeForce RTX 4090, 0 %, 0 %, 19206 MiB, 49140 MiB, 86.32 W, 51
2026/08/14 01:54:24.899, NVIDIA GeForce RTX 4090, 0 %, 0 %, 19206 MiB, 49140 MiB, 85.87 W, 50
2026/08/14 01:54:25.899, NVIDIA GeForce RTX 4090, 0 %, 0 %, 19206 MiB, 49140 MiB, 85.66 W, 50
2026/08/14 01:54:26.899, NVIDIA GeForce RTX 4090, 0 %, 0 %, 19206 MiB, 49140 MiB, 85.28 W, 50
2026/08/14 01:54:27.900, NVIDIA GeForce RTX 4090, 0 %, 0 %, 19206 MiB, 49140 MiB, 84.61 W, 50
2026/08/14 01:54:28.900, NVIDIA GeForce RTX 4090, 0 %, 0 %, 19203 MiB, 49140 MiB, 84.41 W, 49
