timestamp, name, utilization.gpu [%], memory.used [MiB], memory.total [MiB], power.draw [W]
2026/08/14 05:11:36.692, NVIDIA GeForce RTX 4090, 0 %, 1 MiB, 49140 MiB, 27.35 W
2026/08/14 05:11:37.700, NVIDIA GeForce RTX 4090, 0 %, 1 MiB, 49140 MiB, 27.03 W
2026/08/14 05:11:38.701, NVIDIA GeForce RTX 4090, 0 %, 1 MiB, 49140 MiB, 27.23 W
2026/08/14 05:11:39.701, NVIDIA GeForce RTX 4090, 0 %, 1 MiB, 49140 MiB, 27.75 W
2026/08/14 05:11:40.701, NVIDIA GeForce RTX 4090, 0 %, 1 MiB, 49140 MiB, 28.34 W
2026/08/14 05:11:41.701, NVIDIA GeForce RTX 4090, 0 %, 4 MiB, 49140 MiB, 29.48 W
2026/08/14 05:11:42.702, NVIDIA GeForce RTX 4090, 0 %, 4 MiB, 49140 MiB, 30.02 W
2026/08/14 05:11:43.702, NVIDIA GeForce RTX 4090, 0 %, 4 MiB, 49140 MiB, 29.86 W
2026/08/14 05:11:44.702, NVIDIA GeForce RTX 4090, 0 %, 4 MiB, 49140 MiB, 28.82 W
2026/08/14 05:11:45.702, NVIDIA GeForce RTX 4090, 0 %, 4 MiB, 49140 MiB, 27.57 W
2026/08/14 05:11:46.703, NVIDIA GeForce RTX 4090, 0 %, 4 MiB, 49140 MiB, 27.43 W
2026/08/14 05:11:47.703, NVIDIA GeForce RTX 4090, 0 %, 4 MiB, 49140 MiB, 27.53 W
2026/08/14 05:11:48.703, NVIDIA GeForce RTX 4090, 0 %, 4 MiB, 49140 MiB, 27.81 W
2026/08/14 05:11:49.704, NVIDIA GeForce RTX 4090, 0 %, 4 MiB, 49140 MiB, 28.20 W
2026/08/14 05:11:50.704, NVIDIA GeForce RTX 4090, 0 %, 4 MiB, 49140 MiB, 28.90 W
2026/08/14 05:11:51.704, NVIDIA GeForce RTX 4090, 0 %, 4 MiB, 49140 MiB, 29.33 W
2026/08/14 05:11:52.705, NVIDIA GeForce RTX 4090, 0 %, 4 MiB, 49140 MiB, 28.18 W
2026/08/14 05:11:53.705, NVIDIA GeForce RTX 4090, 0 %, 4 MiB, 49140 MiB, 27.17 W
2026/08/14 05:11:54.705, NVIDIA GeForce RTX 4090, 0 %, 4 MiB, 49140 MiB, 27.07 W
2026/08/14 05:11:55.705, NVIDIA GeForce RTX 4090, 0 %, 4 MiB, 49140 MiB, 27.13 W
2026/08/14 05:11:56.706, NVIDIA GeForce RTX 4090, 0 %, 4 MiB, 49140 MiB, 27.57 W
2026/08/14 05:11:57.706, NVIDIA GeForce RTX 4090, 0 %, 4 MiB, 49140 MiB, 27.98 W
2026/08/14 05:11:58.706, NVIDIA GeForce RTX 4090, 0 %, 4 MiB, 49140 MiB, 28.08 W
2026/08/14 05:11:59.707, NVIDIA GeForce RTX 4090, 0 %, 4 MiB, 49140 MiB, 27.98 W
2026/08/14 05:12:00.707, NVIDIA GeForce RTX 4090, 0 %, 4 MiB, 49140 MiB, 28.15 W
2026/08/14 05:12:01.707, NVIDIA GeForce RTX 4090, 0 %, 4 MiB, 49140 MiB, 28.87 W
2026/08/14 05:12:02.707, NVIDIA GeForce RTX 4090, 0 %, 4 MiB, 49140 MiB, 29.23 W
2026/08/14 05:12:03.708, NVIDIA GeForce RTX 4090, 0 %, 4 MiB, 49140 MiB, 28.08 W
2026/08/14 05:12:04.708, NVIDIA GeForce RTX 4090, 0 %, 4 MiB, 49140 MiB, 27.08 W
2026/08/14 05:12:05.708, NVIDIA GeForce RTX 4090, 0 %, 4 MiB, 49140 MiB, 27.09 W
2026/08/14 05:12:06.708, NVIDIA GeForce RTX 4090, 0 %, 4 MiB, 49140 MiB, 27.08 W
2026/08/14 05:12:07.709, NVIDIA GeForce RTX 4090, 0 %, 4 MiB, 49140 MiB, 27.13 W
2026/08/14 05:12:08.709, NVIDIA GeForce RTX 4090, 0 %, 4 MiB, 49140 MiB, 27.22 W
2026/08/14 05:12:09.709, NVIDIA GeForce RTX 4090, 0 %, 4 MiB, 49140 MiB, 27.27 W
2026/08/14 05:12:10.709, NVIDIA GeForce RTX 4090, 0 %, 4 MiB, 49140 MiB, 27.26 W
2026/08/14 05:12:11.710, NVIDIA GeForce RTX 4090, 0 %, 4 MiB, 49140 MiB, 27.25 W
2026/08/14 05:12:12.710, NVIDIA GeForce RTX 4090, 0 %, 4 MiB, 49140 MiB, 27.21 W
2026/08/14 05:12:13.710, NVIDIA GeForce RTX 4090, 0 %, 4 MiB, 49140 MiB, 27.18 W
2026/08/14 05:12:14.710, NVIDIA GeForce RTX 4090, 0 %, 4 MiB, 49140 MiB, 27.28 W
2026/08/14 05:12:15.711, NVIDIA GeForce RTX 4090, 0 %, 4 MiB, 49140 MiB, 27.30 W
2026/08/14 05:12:16.711, NVIDIA GeForce RTX 4090, 0 %, 4 MiB, 49140 MiB, 27.08 W
2026/08/14 05:12:17.783, NVIDIA GeForce RTX 4090, 0 %, 4 MiB, 49140 MiB, 27.05 W
2026/08/14 05:12:18.783, NVIDIA GeForce RTX 4090, 0 %, 4 MiB, 49140 MiB, 27.13 W
2026/08/14 05:12:19.784, NVIDIA GeForce RTX 4090, 0 %, 4 MiB, 49140 MiB, 27.36 W
2026/08/14 05:12:20.784, NVIDIA GeForce RTX 4090, 0 %, 4 MiB, 49140 MiB, 27.51 W
2026/08/14 05:12:21.784, NVIDIA GeForce RTX 4090, 0 %, 4 MiB, 49140 MiB, 28.28 W
2026/08/14 05:12:22.785, NVIDIA GeForce RTX 4090, 0 %, 2002 MiB, 49140 MiB, 28.89 W
2026/08/14 05:12:23.785, NVIDIA GeForce RTX 4090, 52 %, 8602 MiB, 49140 MiB, 49.47 W
2026/08/14 05:12:24.785, NVIDIA GeForce RTX 4090, 28 %, 14936 MiB, 49140 MiB, 87.93 W
2026/08/14 05:12:25.785, NVIDIA GeForce RTX 4090, 46 %, 18998 MiB, 49140 MiB, 105.93 W
2026/08/14 05:12:26.786, NVIDIA GeForce RTX 4090, 57 %, 19200 MiB, 49140 MiB, 274.69 W
2026/08/14 05:12:27.786, NVIDIA GeForce RTX 4090, 31 %, 19204 MiB, 49140 MiB, 265.64 W
2026/08/14 05:12:28.786, NVIDIA GeForce RTX 4090, 42 %, 19204 MiB, 49140 MiB, 257.22 W
2026/08/14 05:12:29.786, NVIDIA GeForce RTX 4090, 39 %, 19204 MiB, 49140 MiB, 250.44 W
2026/08/14 05:12:30.786, NVIDIA GeForce RTX 4090, 73 %, 19204 MiB, 49140 MiB, 277.32 W
2026/08/14 05:12:31.786, NVIDIA GeForce RTX 4090, 82 %, 19204 MiB, 49140 MiB, 283.64 W
2026/08/14 05:12:32.787, NVIDIA GeForce RTX 4090, 39 %, 19204 MiB, 49140 MiB, 280.18 W
2026/08/14 05:12:33.787, NVIDIA GeForce RTX 4090, 33 %, 19204 MiB, 49140 MiB, 259.10 W
2026/08/14 05:12:34.787, NVIDIA GeForce RTX 4090, 37 %, 19204 MiB, 49140 MiB, 255.41 W
2026/08/14 05:12:35.787, NVIDIA GeForce RTX 4090, 53 %, 19204 MiB, 49140 MiB, 268.01 W
2026/08/14 05:12:36.787, NVIDIA GeForce RTX 4090, 94 %, 19204 MiB, 49140 MiB, 292.16 W
2026/08/14 05:12:37.787, NVIDIA GeForce RTX 4090, 46 %, 19204 MiB, 49140 MiB, 282.17 W
2026/08/14 05:12:38.788, NVIDIA GeForce RTX 4090, 37 %, 19204 MiB, 49140 MiB, 270.75 W
2026/08/14 05:12:39.788, NVIDIA GeForce RTX 4090, 42 %, 19204 MiB, 49140 MiB, 259.67 W
2026/08/14 05:12:40.788, NVIDIA GeForce RTX 4090, 53 %, 19204 MiB, 49140 MiB, 262.66 W
2026/08/14 05:12:41.788, NVIDIA GeForce RTX 4090, 71 %, 19204 MiB, 49140 MiB, 278.12 W
2026/08/14 05:12:42.788, NVIDIA GeForce RTX 4090, 57 %, 19204 MiB, 49140 MiB, 287.16 W
2026/08/14 05:12:43.788, NVIDIA GeForce RTX 4090, 31 %, 19204 MiB, 49140 MiB, 268.52 W
2026/08/14 05:12:44.789, NVIDIA GeForce RTX 4090, 41 %, 19204 MiB, 49140 MiB, 268.17 W
2026/08/14 05:12:45.789, NVIDIA GeForce RTX 4090, 48 %, 19204 MiB, 49140 MiB, 267.06 W
2026/08/14 05:12:46.789, NVIDIA GeForce RTX 4090, 73 %, 19204 MiB, 49140 MiB, 277.52 W
2026/08/14 05:12:47.789, NVIDIA GeForce RTX 4090, 90 %, 19204 MiB, 49140 MiB, 285.61 W
2026/08/14 05:12:48.789, NVIDIA GeForce RTX 4090, 27 %, 19204 MiB, 49140 MiB, 288.03 W
2026/08/14 05:12:49.790, NVIDIA GeForce RTX 4090, 34 %, 19204 MiB, 49140 MiB, 263.16 W
2026/08/14 05:12:50.790, NVIDIA GeForce RTX 4090, 40 %, 19204 MiB, 49140 MiB, 267.81 W
2026/08/14 05:12:51.790, NVIDIA GeForce RTX 4090, 61 %, 19204 MiB, 49140 MiB, 272.46 W
2026/08/14 05:12:52.790, NVIDIA GeForce RTX 4090, 94 %, 19204 MiB, 49140 MiB, 290.77 W
2026/08/14 05:12:53.791, NVIDIA GeForce RTX 4090, 46 %, 19204 MiB, 49140 MiB, 295.38 W
2026/08/14 05:12:54.791, NVIDIA GeForce RTX 4090, 37 %, 19204 MiB, 49140 MiB, 273.19 W
2026/08/14 05:12:55.791, NVIDIA GeForce RTX 4090, 37 %, 19204 MiB, 49140 MiB, 269.46 W
2026/08/14 05:12:56.791, NVIDIA GeForce RTX 4090, 50 %, 19204 MiB, 49140 MiB, 272.85 W
2026/08/14 05:12:57.792, NVIDIA GeForce RTX 4090, 94 %, 19204 MiB, 49140 MiB, 298.66 W
2026/08/14 05:12:58.792, NVIDIA GeForce RTX 4090, 83 %, 19204 MiB, 49140 MiB, 291.50 W
2026/08/14 05:12:59.792, NVIDIA GeForce RTX 4090, 33 %, 19204 MiB, 49140 MiB, 283.54 W
2026/08/14 05:13:00.792, NVIDIA GeForce RTX 4090, 38 %, 19204 MiB, 49140 MiB, 285.51 W
2026/08/14 05:13:01.792, NVIDIA GeForce RTX 4090, 74 %, 19204 MiB, 49140 MiB, 286.58 W
2026/08/14 05:13:02.793, NVIDIA GeForce RTX 4090, 81 %, 19204 MiB, 49140 MiB, 309.92 W
2026/08/14 05:13:03.793, NVIDIA GeForce RTX 4090, 37 %, 19204 MiB, 49140 MiB, 272.30 W
2026/08/14 05:13:04.793, NVIDIA GeForce RTX 4090, 40 %, 19204 MiB, 49140 MiB, 270.03 W
2026/08/14 05:13:05.793, NVIDIA GeForce RTX 4090, 47 %, 19204 MiB, 49140 MiB, 278.62 W
2026/08/14 05:13:06.794, NVIDIA GeForce RTX 4090, 94 %, 19204 MiB, 49140 MiB, 301.41 W
2026/08/14 05:13:07.794, NVIDIA GeForce RTX 4090, 100 %, 19204 MiB, 49140 MiB, 298.61 W
2026/08/14 05:13:08.794, NVIDIA GeForce RTX 4090, 40 %, 19204 MiB, 49140 MiB, 335.04 W
2026/08/14 05:13:09.795, NVIDIA GeForce RTX 4090, 49 %, 19204 MiB, 49140 MiB, 273.57 W
2026/08/14 05:13:10.795, NVIDIA GeForce RTX 4090, 74 %, 19204 MiB, 49140 MiB, 282.05 W
2026/08/14 05:13:11.795, NVIDIA GeForce RTX 4090, 57 %, 19204 MiB, 49140 MiB, 303.68 W
2026/08/14 05:13:12.795, NVIDIA GeForce RTX 4090, 26 %, 19206 MiB, 49140 MiB, 274.98 W
2026/08/14 05:13:13.796, NVIDIA GeForce RTX 4090, 31 %, 19206 MiB, 49140 MiB, 274.87 W
2026/08/14 05:13:14.796, NVIDIA GeForce RTX 4090, 53 %, 19206 MiB, 49140 MiB, 286.68 W
2026/08/14 05:13:15.796, NVIDIA GeForce RTX 4090, 60 %, 19206 MiB, 49140 MiB, 271.97 W
2026/08/14 05:13:16.796, NVIDIA GeForce RTX 4090, 94 %, 19206 MiB, 49140 MiB, 293.17 W
2026/08/14 05:13:17.797, NVIDIA GeForce RTX 4090, 50 %, 19206 MiB, 49140 MiB, 299.24 W
2026/08/14 05:13:18.797, NVIDIA GeForce RTX 4090, 36 %, 19206 MiB, 49140 MiB, 271.88 W
2026/08/14 05:13:19.797, NVIDIA GeForce RTX 4090, 43 %, 19206 MiB, 49140 MiB, 277.51 W
2026/08/14 05:13:20.797, NVIDIA GeForce RTX 4090, 50 %, 19206 MiB, 49140 MiB, 268.00 W
2026/08/14 05:13:21.798, NVIDIA GeForce RTX 4090, 74 %, 19206 MiB, 49140 MiB, 285.11 W
2026/08/14 05:13:22.798, NVIDIA GeForce RTX 4090, 89 %, 19206 MiB, 49140 MiB, 298.78 W
2026/08/14 05:13:23.798, NVIDIA GeForce RTX 4090, 23 %, 19206 MiB, 49140 MiB, 294.31 W
2026/08/14 05:13:24.798, NVIDIA GeForce RTX 4090, 37 %, 19206 MiB, 49140 MiB, 261.34 W
2026/08/14 05:13:25.799, NVIDIA GeForce RTX 4090, 41 %, 19206 MiB, 49140 MiB, 278.65 W
2026/08/14 05:13:26.799, NVIDIA GeForce RTX 4090, 58 %, 19206 MiB, 49140 MiB, 287.32 W
2026/08/14 05:13:27.799, NVIDIA GeForce RTX 4090, 77 %, 19206 MiB, 49140 MiB, 305.11 W
2026/08/14 05:13:28.799, NVIDIA GeForce RTX 4090, 66 %, 19206 MiB, 49140 MiB, 282.11 W
2026/08/14 05:13:29.799, NVIDIA GeForce RTX 4090, 37 %, 19206 MiB, 49140 MiB, 290.36 W
2026/08/14 05:13:30.800, NVIDIA GeForce RTX 4090, 37 %, 19206 MiB, 49140 MiB, 273.03 W
2026/08/14 05:13:31.800, NVIDIA GeForce RTX 4090, 46 %, 19206 MiB, 49140 MiB, 280.97 W
2026/08/14 05:13:32.800, NVIDIA GeForce RTX 4090, 73 %, 19206 MiB, 49140 MiB, 287.30 W
2026/08/14 05:13:33.801, NVIDIA GeForce RTX 4090, 58 %, 19206 MiB, 49140 MiB, 308.68 W
2026/08/14 05:13:34.801, NVIDIA GeForce RTX 4090, 38 %, 19206 MiB, 49140 MiB, 280.41 W
2026/08/14 05:13:35.801, NVIDIA GeForce RTX 4090, 38 %, 19206 MiB, 49140 MiB, 281.68 W
2026/08/14 05:13:36.802, NVIDIA GeForce RTX 4090, 51 %, 19206 MiB, 49140 MiB, 277.30 W
2026/08/14 05:13:37.802, NVIDIA GeForce RTX 4090, 58 %, 19206 MiB, 49140 MiB, 275.22 W
2026/08/14 05:13:38.802, NVIDIA GeForce RTX 4090, 94 %, 19206 MiB, 49140 MiB, 298.24 W
2026/08/14 05:13:39.802, NVIDIA GeForce RTX 4090, 45 %, 19206 MiB, 49140 MiB, 303.94 W
2026/08/14 05:13:40.803, NVIDIA GeForce RTX 4090, 36 %, 19206 MiB, 49140 MiB, 271.22 W
2026/08/14 05:13:41.803, NVIDIA GeForce RTX 4090, 34 %, 19206 MiB, 49140 MiB, 267.55 W
2026/08/14 05:13:42.803, NVIDIA GeForce RTX 4090, 49 %, 19206 MiB, 49140 MiB, 288.82 W
2026/08/14 05:13:43.803, NVIDIA GeForce RTX 4090, 74 %, 19206 MiB, 49140 MiB, 290.80 W
2026/08/14 05:13:44.804, NVIDIA GeForce RTX 4090, 81 %, 19206 MiB, 49140 MiB, 288.91 W
2026/08/14 05:13:45.804, NVIDIA GeForce RTX 4090, 63 %, 19206 MiB, 49140 MiB, 288.14 W
2026/08/14 05:13:46.804, NVIDIA GeForce RTX 4090, 37 %, 19206 MiB, 49140 MiB, 286.43 W
2026/08/14 05:13:47.804, NVIDIA GeForce RTX 4090, 45 %, 19206 MiB, 49140 MiB, 269.93 W
2026/08/14 05:13:48.883, NVIDIA GeForce RTX 4090, 35 %, 19206 MiB, 49140 MiB, 280.07 W
2026/08/14 05:13:49.884, NVIDIA GeForce RTX 4090, 37 %, 19206 MiB, 49140 MiB, 277.79 W
2026/08/14 05:13:50.884, NVIDIA GeForce RTX 4090, 34 %, 19206 MiB, 49140 MiB, 349.79 W
2026/08/14 05:13:51.884, NVIDIA GeForce RTX 4090, 2 %, 19206 MiB, 49140 MiB, 105.17 W
2026/08/14 05:13:52.884, NVIDIA GeForce RTX 4090, 0 %, 19206 MiB, 49140 MiB, 98.21 W
2026/08/14 05:13:53.884, NVIDIA GeForce RTX 4090, 45 %, 19206 MiB, 49140 MiB, 155.18 W
2026/08/14 05:13:54.885, NVIDIA GeForce RTX 4090, 28 %, 19206 MiB, 49140 MiB, 277.76 W
2026/08/14 05:13:55.885, NVIDIA GeForce RTX 4090, 36 %, 19206 MiB, 49140 MiB, 274.99 W
2026/08/14 05:13:56.885, NVIDIA GeForce RTX 4090, 43 %, 19206 MiB, 49140 MiB, 279.73 W
2026/08/14 05:13:57.885, NVIDIA GeForce RTX 4090, 68 %, 19206 MiB, 49140 MiB, 298.30 W
2026/08/14 05:13:58.886, NVIDIA GeForce RTX 4090, 89 %, 19206 MiB, 49140 MiB, 297.92 W
2026/08/14 05:13:59.886, NVIDIA GeForce RTX 4090, 56 %, 19206 MiB, 49140 MiB, 276.11 W
2026/08/14 05:14:00.886, NVIDIA GeForce RTX 4090, 33 %, 19206 MiB, 49140 MiB, 277.20 W
2026/08/14 05:14:01.886, NVIDIA GeForce RTX 4090, 34 %, 19206 MiB, 49140 MiB, 280.28 W
2026/08/14 05:14:02.887, NVIDIA GeForce RTX 4090, 62 %, 19206 MiB, 49140 MiB, 295.27 W
2026/08/14 05:14:03.887, NVIDIA GeForce RTX 4090, 92 %, 19206 MiB, 49140 MiB, 310.74 W
2026/08/14 05:14:04.887, NVIDIA GeForce RTX 4090, 54 %, 19206 MiB, 49140 MiB, 296.26 W
2026/08/14 05:14:05.887, NVIDIA GeForce RTX 4090, 41 %, 19206 MiB, 49140 MiB, 269.21 W
2026/08/14 05:14:06.888, NVIDIA GeForce RTX 4090, 35 %, 19206 MiB, 49140 MiB, 275.57 W
2026/08/14 05:14:07.888, NVIDIA GeForce RTX 4090, 33 %, 19206 MiB, 49140 MiB, 272.62 W
2026/08/14 05:14:08.888, NVIDIA GeForce RTX 4090, 59 %, 19206 MiB, 49140 MiB, 289.73 W
2026/08/14 05:14:09.889, NVIDIA GeForce RTX 4090, 70 %, 19206 MiB, 49140 MiB, 302.62 W
2026/08/14 05:14:10.889, NVIDIA GeForce RTX 4090, 89 %, 19206 MiB, 49140 MiB, 283.06 W
2026/08/14 05:14:11.889, NVIDIA GeForce RTX 4090, 49 %, 19206 MiB, 49140 MiB, 287.39 W
2026/08/14 05:14:12.889, NVIDIA GeForce RTX 4090, 29 %, 19206 MiB, 49140 MiB, 265.42 W
2026/08/14 05:14:13.889, NVIDIA GeForce RTX 4090, 42 %, 19206 MiB, 49140 MiB, 264.83 W
2026/08/14 05:14:14.890, NVIDIA GeForce RTX 4090, 31 %, 19206 MiB, 49140 MiB, 265.19 W
2026/08/14 05:14:15.890, NVIDIA GeForce RTX 4090, 41 %, 19206 MiB, 49140 MiB, 279.96 W
2026/08/14 05:14:16.890, NVIDIA GeForce RTX 4090, 52 %, 19206 MiB, 49140 MiB, 290.65 W
2026/08/14 05:14:17.891, NVIDIA GeForce RTX 4090, 79 %, 19206 MiB, 49140 MiB, 288.79 W
2026/08/14 05:14:18.891, NVIDIA GeForce RTX 4090, 41 %, 19206 MiB, 49140 MiB, 288.57 W
2026/08/14 05:14:19.891, NVIDIA GeForce RTX 4090, 56 %, 19206 MiB, 49140 MiB, 265.77 W
2026/08/14 05:14:20.891, NVIDIA GeForce RTX 4090, 22 %, 19206 MiB, 49140 MiB, 273.23 W
2026/08/14 05:14:21.892, NVIDIA GeForce RTX 4090, 32 %, 19206 MiB, 49140 MiB, 268.27 W
2026/08/14 05:14:22.892, NVIDIA GeForce RTX 4090, 34 %, 19206 MiB, 49140 MiB, 270.67 W
2026/08/14 05:14:23.892, NVIDIA GeForce RTX 4090, 50 %, 19206 MiB, 49140 MiB, 274.49 W
2026/08/14 05:14:24.892, NVIDIA GeForce RTX 4090, 61 %, 19206 MiB, 49140 MiB, 274.83 W
2026/08/14 05:14:25.892, NVIDIA GeForce RTX 4090, 95 %, 19206 MiB, 49140 MiB, 300.29 W
2026/08/14 05:14:26.893, NVIDIA GeForce RTX 4090, 56 %, 19206 MiB, 49140 MiB, 300.63 W
2026/08/14 05:14:27.893, NVIDIA GeForce RTX 4090, 29 %, 19206 MiB, 49140 MiB, 271.66 W
2026/08/14 05:14:28.893, NVIDIA GeForce RTX 4090, 30 %, 19206 MiB, 49140 MiB, 265.81 W
2026/08/14 05:14:29.893, NVIDIA GeForce RTX 4090, 43 %, 19206 MiB, 49140 MiB, 274.56 W
2026/08/14 05:14:30.894, NVIDIA GeForce RTX 4090, 51 %, 19206 MiB, 49140 MiB, 280.33 W
2026/08/14 05:14:31.894, NVIDIA GeForce RTX 4090, 73 %, 19206 MiB, 49140 MiB, 298.68 W
2026/08/14 05:14:32.894, NVIDIA GeForce RTX 4090, 91 %, 19206 MiB, 49140 MiB, 292.52 W
2026/08/14 05:14:33.894, NVIDIA GeForce RTX 4090, 46 %, 19206 MiB, 49140 MiB, 303.33 W
2026/08/14 05:14:34.894, NVIDIA GeForce RTX 4090, 41 %, 19206 MiB, 49140 MiB, 283.01 W
2026/08/14 05:14:35.895, NVIDIA GeForce RTX 4090, 40 %, 19206 MiB, 49140 MiB, 287.86 W
2026/08/14 05:14:36.895, NVIDIA GeForce RTX 4090, 75 %, 19206 MiB, 49140 MiB, 291.07 W
2026/08/14 05:14:37.895, NVIDIA GeForce RTX 4090, 47 %, 19206 MiB, 49140 MiB, 365.70 W
2026/08/14 05:14:38.895, NVIDIA GeForce RTX 4090, 45 %, 19206 MiB, 49140 MiB, 281.28 W
2026/08/14 05:14:39.895, NVIDIA GeForce RTX 4090, 49 %, 19206 MiB, 49140 MiB, 285.21 W
2026/08/14 05:14:40.895, NVIDIA GeForce RTX 4090, 60 %, 19206 MiB, 49140 MiB, 277.63 W
2026/08/14 05:14:41.896, NVIDIA GeForce RTX 4090, 74 %, 19206 MiB, 49140 MiB, 284.58 W
2026/08/14 05:14:42.896, NVIDIA GeForce RTX 4090, 96 %, 19206 MiB, 49140 MiB, 310.17 W
2026/08/14 05:14:43.896, NVIDIA GeForce RTX 4090, 33 %, 19206 MiB, 49140 MiB, 269.56 W
2026/08/14 05:14:44.896, NVIDIA GeForce RTX 4090, 34 %, 19206 MiB, 49140 MiB, 264.87 W
2026/08/14 05:14:45.896, NVIDIA GeForce RTX 4090, 41 %, 19206 MiB, 49140 MiB, 264.59 W
2026/08/14 05:14:46.897, NVIDIA GeForce RTX 4090, 39 %, 19206 MiB, 49140 MiB, 273.66 W
2026/08/14 05:14:47.897, NVIDIA GeForce RTX 4090, 52 %, 19206 MiB, 49140 MiB, 270.05 W
2026/08/14 05:14:48.897, NVIDIA GeForce RTX 4090, 60 %, 19206 MiB, 49140 MiB, 275.45 W
2026/08/14 05:14:49.897, NVIDIA GeForce RTX 4090, 75 %, 19206 MiB, 49140 MiB, 283.92 W
2026/08/14 05:14:50.897, NVIDIA GeForce RTX 4090, 90 %, 19206 MiB, 49140 MiB, 286.25 W
2026/08/14 05:14:51.898, NVIDIA GeForce RTX 4090, 55 %, 19206 MiB, 49140 MiB, 285.76 W
2026/08/14 05:14:52.898, NVIDIA GeForce RTX 4090, 41 %, 19206 MiB, 49140 MiB, 280.36 W
2026/08/14 05:14:53.898, NVIDIA GeForce RTX 4090, 42 %, 19206 MiB, 49140 MiB, 274.63 W
2026/08/14 05:14:54.898, NVIDIA GeForce RTX 4090, 48 %, 19206 MiB, 49140 MiB, 277.99 W
2026/08/14 05:14:55.898, NVIDIA GeForce RTX 4090, 73 %, 19206 MiB, 49140 MiB, 294.89 W
2026/08/14 05:14:56.898, NVIDIA GeForce RTX 4090, 59 %, 19206 MiB, 49140 MiB, 309.82 W
2026/08/14 05:14:57.899, NVIDIA GeForce RTX 4090, 35 %, 19206 MiB, 49140 MiB, 281.15 W
2026/08/14 05:14:58.899, NVIDIA GeForce RTX 4090, 30 %, 19206 MiB, 49140 MiB, 266.63 W
2026/08/14 05:14:59.899, NVIDIA GeForce RTX 4090, 41 %, 19206 MiB, 49140 MiB, 264.44 W
2026/08/14 05:15:00.900, NVIDIA GeForce RTX 4090, 40 %, 19206 MiB, 49140 MiB, 273.27 W
2026/08/14 05:15:01.900, NVIDIA GeForce RTX 4090, 52 %, 19206 MiB, 49140 MiB, 273.41 W
2026/08/14 05:15:02.900, NVIDIA GeForce RTX 4090, 74 %, 19206 MiB, 49140 MiB, 290.10 W
2026/08/14 05:15:03.901, NVIDIA GeForce RTX 4090, 93 %, 19206 MiB, 49140 MiB, 306.68 W
2026/08/14 05:15:04.901, NVIDIA GeForce RTX 4090, 57 %, 19206 MiB, 49140 MiB, 295.48 W
2026/08/14 05:15:05.901, NVIDIA GeForce RTX 4090, 29 %, 19206 MiB, 49140 MiB, 277.97 W
2026/08/14 05:15:06.901, NVIDIA GeForce RTX 4090, 44 %, 19206 MiB, 49140 MiB, 272.86 W
2026/08/14 05:15:07.902, NVIDIA GeForce RTX 4090, 49 %, 19206 MiB, 49140 MiB, 286.14 W
2026/08/14 05:15:08.902, NVIDIA GeForce RTX 4090, 75 %, 19206 MiB, 49140 MiB, 289.11 W
2026/08/14 05:15:09.902, NVIDIA GeForce RTX 4090, 94 %, 19206 MiB, 49140 MiB, 306.73 W
2026/08/14 05:15:10.902, NVIDIA GeForce RTX 4090, 50 %, 19206 MiB, 49140 MiB, 303.04 W
2026/08/14 05:15:11.902, NVIDIA GeForce RTX 4090, 28 %, 19206 MiB, 49140 MiB, 271.95 W
2026/08/14 05:15:12.903, NVIDIA GeForce RTX 4090, 48 %, 19206 MiB, 49140 MiB, 280.56 W
2026/08/14 05:15:13.903, NVIDIA GeForce RTX 4090, 60 %, 19206 MiB, 49140 MiB, 283.98 W
2026/08/14 05:15:14.903, NVIDIA GeForce RTX 4090, 75 %, 19206 MiB, 49140 MiB, 287.38 W
2026/08/14 05:15:15.904, NVIDIA GeForce RTX 4090, 57 %, 19206 MiB, 49140 MiB, 302.37 W
2026/08/14 05:15:16.904, NVIDIA GeForce RTX 4090, 35 %, 19206 MiB, 49140 MiB, 281.02 W
2026/08/14 05:15:17.904, NVIDIA GeForce RTX 4090, 49 %, 19206 MiB, 49140 MiB, 272.30 W
2026/08/14 05:15:18.904, NVIDIA GeForce RTX 4090, 50 %, 19206 MiB, 49140 MiB, 293.87 W
2026/08/14 05:15:19.905, NVIDIA GeForce RTX 4090, 75 %, 19206 MiB, 49140 MiB, 297.37 W
2026/08/14 05:15:20.905, NVIDIA GeForce RTX 4090, 99 %, 19206 MiB, 49140 MiB, 295.92 W
2026/08/14 05:15:21.905, NVIDIA GeForce RTX 4090, 0 %, 19206 MiB, 49140 MiB, 291.93 W
2026/08/14 05:15:22.906, NVIDIA GeForce RTX 4090, 0 %, 19206 MiB, 49140 MiB, 106.85 W
2026/08/14 05:15:23.906, NVIDIA GeForce RTX 4090, 0 %, 19206 MiB, 49140 MiB, 97.38 W
2026/08/14 05:15:24.906, NVIDIA GeForce RTX 4090, 50 %, 19206 MiB, 49140 MiB, 176.97 W
2026/08/14 05:15:25.906, NVIDIA GeForce RTX 4090, 48 %, 19206 MiB, 49140 MiB, 280.80 W
2026/08/14 05:15:26.906, NVIDIA GeForce RTX 4090, 59 %, 19206 MiB, 49140 MiB, 276.50 W
2026/08/14 05:15:27.907, NVIDIA GeForce RTX 4090, 73 %, 19206 MiB, 49140 MiB, 284.88 W
2026/08/14 05:15:28.907, NVIDIA GeForce RTX 4090, 97 %, 19206 MiB, 49140 MiB, 286.70 W
2026/08/14 05:15:29.907, NVIDIA GeForce RTX 4090, 85 %, 19206 MiB, 49140 MiB, 298.25 W
2026/08/14 05:15:30.907, NVIDIA GeForce RTX 4090, 46 %, 19206 MiB, 49140 MiB, 281.63 W
2026/08/14 05:15:31.907, NVIDIA GeForce RTX 4090, 30 %, 19206 MiB, 49140 MiB, 270.74 W
2026/08/14 05:15:32.908, NVIDIA GeForce RTX 4090, 41 %, 19206 MiB, 49140 MiB, 259.57 W
2026/08/14 05:15:33.908, NVIDIA GeForce RTX 4090, 52 %, 19206 MiB, 49140 MiB, 277.52 W
2026/08/14 05:15:34.908, NVIDIA GeForce RTX 4090, 56 %, 19206 MiB, 49140 MiB, 284.76 W
2026/08/14 05:15:35.908, NVIDIA GeForce RTX 4090, 75 %, 19206 MiB, 49140 MiB, 281.24 W
2026/08/14 05:15:36.909, NVIDIA GeForce RTX 4090, 53 %, 19206 MiB, 49140 MiB, 300.89 W
2026/08/14 05:15:37.909, NVIDIA GeForce RTX 4090, 43 %, 19206 MiB, 49140 MiB, 283.09 W
2026/08/14 05:15:38.909, NVIDIA GeForce RTX 4090, 48 %, 19206 MiB, 49140 MiB, 277.15 W
2026/08/14 05:15:39.909, NVIDIA GeForce RTX 4090, 39 %, 19206 MiB, 49140 MiB, 271.42 W
2026/08/14 05:15:40.910, NVIDIA GeForce RTX 4090, 52 %, 19206 MiB, 49140 MiB, 273.30 W
2026/08/14 05:15:41.910, NVIDIA GeForce RTX 4090, 66 %, 19206 MiB, 49140 MiB, 276.39 W
2026/08/14 05:15:42.910, NVIDIA GeForce RTX 4090, 99 %, 19206 MiB, 49140 MiB, 304.17 W
2026/08/14 05:15:43.910, NVIDIA GeForce RTX 4090, 56 %, 19206 MiB, 49140 MiB, 295.53 W
2026/08/14 05:15:44.910, NVIDIA GeForce RTX 4090, 43 %, 19206 MiB, 49140 MiB, 278.66 W
2026/08/14 05:15:45.911, NVIDIA GeForce RTX 4090, 50 %, 19206 MiB, 49140 MiB, 269.54 W
2026/08/14 05:15:46.911, NVIDIA GeForce RTX 4090, 47 %, 19206 MiB, 49140 MiB, 273.43 W
2026/08/14 05:15:47.911, NVIDIA GeForce RTX 4090, 59 %, 19206 MiB, 49140 MiB, 282.51 W
2026/08/14 05:15:48.911, NVIDIA GeForce RTX 4090, 99 %, 19206 MiB, 49140 MiB, 302.94 W
2026/08/14 05:15:49.912, NVIDIA GeForce RTX 4090, 34 %, 19206 MiB, 49140 MiB, 295.47 W
2026/08/14 05:15:50.912, NVIDIA GeForce RTX 4090, 42 %, 19206 MiB, 49140 MiB, 266.69 W
2026/08/14 05:15:51.912, NVIDIA GeForce RTX 4090, 43 %, 19206 MiB, 49140 MiB, 269.64 W
2026/08/14 05:15:52.912, NVIDIA GeForce RTX 4090, 54 %, 19206 MiB, 49140 MiB, 277.55 W
2026/08/14 05:15:53.912, NVIDIA GeForce RTX 4090, 75 %, 19206 MiB, 49140 MiB, 299.81 W
2026/08/14 05:15:54.913, NVIDIA GeForce RTX 4090, 93 %, 19206 MiB, 49140 MiB, 302.95 W
2026/08/14 05:15:55.913, NVIDIA GeForce RTX 4090, 47 %, 19206 MiB, 49140 MiB, 299.82 W
2026/08/14 05:15:56.913, NVIDIA GeForce RTX 4090, 29 %, 19206 MiB, 49140 MiB, 282.49 W
2026/08/14 05:15:57.913, NVIDIA GeForce RTX 4090, 39 %, 19206 MiB, 49140 MiB, 267.07 W
2026/08/14 05:15:58.913, NVIDIA GeForce RTX 4090, 59 %, 19206 MiB, 49140 MiB, 289.56 W
2026/08/14 05:15:59.913, NVIDIA GeForce RTX 4090, 99 %, 19206 MiB, 49140 MiB, 305.66 W
2026/08/14 05:16:00.914, NVIDIA GeForce RTX 4090, 56 %, 19206 MiB, 49140 MiB, 298.21 W
2026/08/14 05:16:01.914, NVIDIA GeForce RTX 4090, 44 %, 19206 MiB, 49140 MiB, 276.58 W
2026/08/14 05:16:02.914, NVIDIA GeForce RTX 4090, 28 %, 19206 MiB, 49140 MiB, 273.26 W
2026/08/14 05:16:03.914, NVIDIA GeForce RTX 4090, 50 %, 19206 MiB, 49140 MiB, 262.59 W
2026/08/14 05:16:04.914, NVIDIA GeForce RTX 4090, 47 %, 19206 MiB, 49140 MiB, 278.56 W
2026/08/14 05:16:05.915, NVIDIA GeForce RTX 4090, 47 %, 19206 MiB, 49140 MiB, 273.83 W
2026/08/14 05:16:06.915, NVIDIA GeForce RTX 4090, 99 %, 19206 MiB, 49140 MiB, 310.50 W
2026/08/14 05:16:07.915, NVIDIA GeForce RTX 4090, 100 %, 19206 MiB, 49140 MiB, 312.23 W
2026/08/14 05:16:08.915, NVIDIA GeForce RTX 4090, 45 %, 19206 MiB, 49140 MiB, 340.69 W
2026/08/14 05:16:09.915, NVIDIA GeForce RTX 4090, 58 %, 19206 MiB, 49140 MiB, 277.53 W
2026/08/14 05:16:10.915, NVIDIA GeForce RTX 4090, 73 %, 19206 MiB, 49140 MiB, 291.18 W
2026/08/14 05:16:11.916, NVIDIA GeForce RTX 4090, 55 %, 19206 MiB, 49140 MiB, 313.45 W
2026/08/14 05:16:12.916, NVIDIA GeForce RTX 4090, 36 %, 19206 MiB, 49140 MiB, 282.92 W
2026/08/14 05:16:13.916, NVIDIA GeForce RTX 4090, 44 %, 19206 MiB, 49140 MiB, 268.21 W
2026/08/14 05:16:14.916, NVIDIA GeForce RTX 4090, 47 %, 19206 MiB, 49140 MiB, 284.23 W
2026/08/14 05:16:15.916, NVIDIA GeForce RTX 4090, 59 %, 19206 MiB, 49140 MiB, 282.94 W
2026/08/14 05:16:16.917, NVIDIA GeForce RTX 4090, 78 %, 19206 MiB, 49140 MiB, 285.34 W
2026/08/14 05:16:17.917, NVIDIA GeForce RTX 4090, 93 %, 19206 MiB, 49140 MiB, 295.46 W
2026/08/14 05:16:18.917, NVIDIA GeForce RTX 4090, 53 %, 19206 MiB, 49140 MiB, 294.29 W
2026/08/14 05:16:19.917, NVIDIA GeForce RTX 4090, 32 %, 19206 MiB, 49140 MiB, 271.13 W
2026/08/14 05:16:20.917, NVIDIA GeForce RTX 4090, 41 %, 19206 MiB, 49140 MiB, 273.07 W
2026/08/14 05:16:21.918, NVIDIA GeForce RTX 4090, 47 %, 19206 MiB, 49140 MiB, 285.48 W
2026/08/14 05:16:22.918, NVIDIA GeForce RTX 4090, 99 %, 19206 MiB, 49140 MiB, 311.25 W
2026/08/14 05:16:23.918, NVIDIA GeForce RTX 4090, 60 %, 19206 MiB, 49140 MiB, 296.21 W
2026/08/14 05:16:24.918, NVIDIA GeForce RTX 4090, 46 %, 19206 MiB, 49140 MiB, 275.89 W
2026/08/14 05:16:25.918, NVIDIA GeForce RTX 4090, 43 %, 19206 MiB, 49140 MiB, 275.83 W
2026/08/14 05:16:26.919, NVIDIA GeForce RTX 4090, 46 %, 19206 MiB, 49140 MiB, 276.40 W
2026/08/14 05:16:27.919, NVIDIA GeForce RTX 4090, 64 %, 19206 MiB, 49140 MiB, 282.33 W
2026/08/14 05:16:28.983, NVIDIA GeForce RTX 4090, 57 %, 19206 MiB, 49140 MiB, 316.76 W
2026/08/14 05:16:29.984, NVIDIA GeForce RTX 4090, 52 %, 19206 MiB, 49140 MiB, 278.46 W
2026/08/14 05:16:30.984, NVIDIA GeForce RTX 4090, 47 %, 19206 MiB, 49140 MiB, 278.98 W
2026/08/14 05:16:31.984, NVIDIA GeForce RTX 4090, 38 %, 19206 MiB, 49140 MiB, 280.04 W
2026/08/14 05:16:32.985, NVIDIA GeForce RTX 4090, 59 %, 19206 MiB, 49140 MiB, 290.57 W
2026/08/14 05:16:33.985, NVIDIA GeForce RTX 4090, 98 %, 19206 MiB, 49140 MiB, 303.79 W
2026/08/14 05:16:34.985, NVIDIA GeForce RTX 4090, 41 %, 19206 MiB, 49140 MiB, 318.68 W
2026/08/14 05:16:35.985, NVIDIA GeForce RTX 4090, 41 %, 19206 MiB, 49140 MiB, 276.93 W
2026/08/14 05:16:36.986, NVIDIA GeForce RTX 4090, 50 %, 19206 MiB, 49140 MiB, 285.03 W
2026/08/14 05:16:37.986, NVIDIA GeForce RTX 4090, 98 %, 19206 MiB, 49140 MiB, 296.04 W
2026/08/14 05:16:38.986, NVIDIA GeForce RTX 4090, 56 %, 19206 MiB, 49140 MiB, 315.28 W
2026/08/14 05:16:39.987, NVIDIA GeForce RTX 4090, 43 %, 19206 MiB, 49140 MiB, 285.86 W
2026/08/14 05:16:40.987, NVIDIA GeForce RTX 4090, 42 %, 19206 MiB, 49140 MiB, 283.47 W
2026/08/14 05:16:41.987, NVIDIA GeForce RTX 4090, 53 %, 19206 MiB, 49140 MiB, 280.94 W
2026/08/14 05:16:42.988, NVIDIA GeForce RTX 4090, 73 %, 19206 MiB, 49140 MiB, 291.07 W
2026/08/14 05:16:43.988, NVIDIA GeForce RTX 4090, 56 %, 19206 MiB, 49140 MiB, 314.18 W
2026/08/14 05:16:44.988, NVIDIA GeForce RTX 4090, 45 %, 19206 MiB, 49140 MiB, 282.85 W
2026/08/14 05:16:45.988, NVIDIA GeForce RTX 4090, 40 %, 19206 MiB, 49140 MiB, 278.93 W
2026/08/14 05:16:46.989, NVIDIA GeForce RTX 4090, 45 %, 19206 MiB, 49140 MiB, 280.03 W
2026/08/14 05:16:47.989, NVIDIA GeForce RTX 4090, 56 %, 19206 MiB, 49140 MiB, 285.43 W
2026/08/14 05:16:48.989, NVIDIA GeForce RTX 4090, 95 %, 19206 MiB, 49140 MiB, 302.66 W
2026/08/14 05:16:49.990, NVIDIA GeForce RTX 4090, 78 %, 19206 MiB, 49140 MiB, 298.06 W
2026/08/14 05:16:50.990, NVIDIA GeForce RTX 4090, 100 %, 19206 MiB, 49140 MiB, 348.27 W
2026/08/14 05:16:51.990, NVIDIA GeForce RTX 4090, 0 %, 19206 MiB, 49140 MiB, 184.86 W
2026/08/14 05:16:52.990, NVIDIA GeForce RTX 4090, 0 %, 19206 MiB, 49140 MiB, 105.26 W
2026/08/14 05:16:53.991, NVIDIA GeForce RTX 4090, 4 %, 19206 MiB, 49140 MiB, 90.35 W
2026/08/14 05:16:54.991, NVIDIA GeForce RTX 4090, 54 %, 19206 MiB, 49140 MiB, 214.30 W
2026/08/14 05:16:55.991, NVIDIA GeForce RTX 4090, 71 %, 19206 MiB, 49140 MiB, 274.81 W
2026/08/14 05:16:56.992, NVIDIA GeForce RTX 4090, 93 %, 19206 MiB, 49140 MiB, 293.21 W
2026/08/14 05:16:57.992, NVIDIA GeForce RTX 4090, 58 %, 19206 MiB, 49140 MiB, 292.27 W
2026/08/14 05:16:58.992, NVIDIA GeForce RTX 4090, 42 %, 19206 MiB, 49140 MiB, 284.41 W
2026/08/14 05:16:59.992, NVIDIA GeForce RTX 4090, 32 %, 19206 MiB, 49140 MiB, 272.63 W
2026/08/14 05:17:00.992, NVIDIA GeForce RTX 4090, 35 %, 19206 MiB, 49140 MiB, 276.53 W
2026/08/14 05:17:01.993, NVIDIA GeForce RTX 4090, 42 %, 19206 MiB, 49140 MiB, 278.74 W
2026/08/14 05:17:02.993, NVIDIA GeForce RTX 4090, 70 %, 19206 MiB, 49140 MiB, 293.10 W
2026/08/14 05:17:03.993, NVIDIA GeForce RTX 4090, 61 %, 19206 MiB, 49140 MiB, 303.39 W
2026/08/14 05:17:04.993, NVIDIA GeForce RTX 4090, 38 %, 19206 MiB, 49140 MiB, 289.24 W
2026/08/14 05:17:05.993, NVIDIA GeForce RTX 4090, 38 %, 19206 MiB, 49140 MiB, 281.61 W
2026/08/14 05:17:06.994, NVIDIA GeForce RTX 4090, 44 %, 19206 MiB, 49140 MiB, 280.59 W
2026/08/14 05:17:07.994, NVIDIA GeForce RTX 4090, 67 %, 19206 MiB, 49140 MiB, 289.26 W
2026/08/14 05:17:08.994, NVIDIA GeForce RTX 4090, 91 %, 19206 MiB, 49140 MiB, 294.19 W
2026/08/14 05:17:09.995, NVIDIA GeForce RTX 4090, 61 %, 19206 MiB, 49140 MiB, 300.19 W
2026/08/14 05:17:10.995, NVIDIA GeForce RTX 4090, 34 %, 19206 MiB, 49140 MiB, 283.98 W
2026/08/14 05:17:11.995, NVIDIA GeForce RTX 4090, 38 %, 19206 MiB, 49140 MiB, 278.33 W
2026/08/14 05:17:12.995, NVIDIA GeForce RTX 4090, 50 %, 19206 MiB, 49140 MiB, 280.31 W
2026/08/14 05:17:13.996, NVIDIA GeForce RTX 4090, 55 %, 19206 MiB, 49140 MiB, 277.48 W
2026/08/14 05:17:14.996, NVIDIA GeForce RTX 4090, 67 %, 19206 MiB, 49140 MiB, 286.67 W
2026/08/14 05:17:15.996, NVIDIA GeForce RTX 4090, 63 %, 19206 MiB, 49140 MiB, 304.13 W
2026/08/14 05:17:16.996, NVIDIA GeForce RTX 4090, 24 %, 19206 MiB, 49140 MiB, 281.47 W
2026/08/14 05:17:17.996, NVIDIA GeForce RTX 4090, 33 %, 19206 MiB, 49140 MiB, 271.62 W
2026/08/14 05:17:18.996, NVIDIA GeForce RTX 4090, 39 %, 19206 MiB, 49140 MiB, 270.95 W
2026/08/14 05:17:19.997, NVIDIA GeForce RTX 4090, 49 %, 19206 MiB, 49140 MiB, 279.98 W
2026/08/14 05:17:20.997, NVIDIA GeForce RTX 4090, 54 %, 19206 MiB, 49140 MiB, 277.75 W
2026/08/14 05:17:21.997, NVIDIA GeForce RTX 4090, 67 %, 19206 MiB, 49140 MiB, 287.67 W
2026/08/14 05:17:22.997, NVIDIA GeForce RTX 4090, 89 %, 19206 MiB, 49140 MiB, 309.30 W
2026/08/14 05:17:23.998, NVIDIA GeForce RTX 4090, 19 %, 19206 MiB, 49140 MiB, 288.96 W
2026/08/14 05:17:24.998, NVIDIA GeForce RTX 4090, 36 %, 19206 MiB, 49140 MiB, 270.01 W
2026/08/14 05:17:25.998, NVIDIA GeForce RTX 4090, 41 %, 19206 MiB, 49140 MiB, 279.43 W
2026/08/14 05:17:26.998, NVIDIA GeForce RTX 4090, 67 %, 19206 MiB, 49140 MiB, 298.26 W
2026/08/14 05:17:27.999, NVIDIA GeForce RTX 4090, 89 %, 19206 MiB, 49140 MiB, 317.00 W
2026/08/14 05:17:28.999, NVIDIA GeForce RTX 4090, 34 %, 19206 MiB, 49140 MiB, 282.21 W
2026/08/14 05:17:29.999, NVIDIA GeForce RTX 4090, 37 %, 19206 MiB, 49140 MiB, 271.05 W
2026/08/14 05:17:30.999, NVIDIA GeForce RTX 4090, 42 %, 19206 MiB, 49140 MiB, 282.00 W
2026/08/14 05:17:31.999, NVIDIA GeForce RTX 4090, 38 %, 19206 MiB, 49140 MiB, 273.62 W
2026/08/14 05:17:33.000, NVIDIA GeForce RTX 4090, 67 %, 19206 MiB, 49140 MiB, 281.84 W
2026/08/14 05:17:34.000, NVIDIA GeForce RTX 4090, 89 %, 19206 MiB, 49140 MiB, 318.97 W
2026/08/14 05:17:35.000, NVIDIA GeForce RTX 4090, 38 %, 19206 MiB, 49140 MiB, 289.81 W
2026/08/14 05:17:36.000, NVIDIA GeForce RTX 4090, 37 %, 19206 MiB, 49140 MiB, 279.48 W
2026/08/14 05:17:37.001, NVIDIA GeForce RTX 4090, 44 %, 19206 MiB, 49140 MiB, 279.58 W
2026/08/14 05:17:38.001, NVIDIA GeForce RTX 4090, 79 %, 19206 MiB, 49140 MiB, 378.27 W
2026/08/14 05:17:39.001, NVIDIA GeForce RTX 4090, 51 %, 19206 MiB, 49140 MiB, 294.96 W
2026/08/14 05:17:40.001, NVIDIA GeForce RTX 4090, 36 %, 19206 MiB, 49140 MiB, 282.21 W
2026/08/14 05:17:41.001, NVIDIA GeForce RTX 4090, 37 %, 19206 MiB, 49140 MiB, 270.85 W
2026/08/14 05:17:42.002, NVIDIA GeForce RTX 4090, 39 %, 19206 MiB, 49140 MiB, 277.17 W
2026/08/14 05:17:43.002, NVIDIA GeForce RTX 4090, 67 %, 19206 MiB, 49140 MiB, 282.16 W
2026/08/14 05:17:44.002, NVIDIA GeForce RTX 4090, 88 %, 19206 MiB, 49140 MiB, 315.49 W
2026/08/14 05:17:45.002, NVIDIA GeForce RTX 4090, 34 %, 19206 MiB, 49140 MiB, 294.02 W
2026/08/14 05:17:46.002, NVIDIA GeForce RTX 4090, 36 %, 19206 MiB, 49140 MiB, 270.28 W
2026/08/14 05:17:47.002, NVIDIA GeForce RTX 4090, 35 %, 19206 MiB, 49140 MiB, 269.99 W
2026/08/14 05:17:48.003, NVIDIA GeForce RTX 4090, 41 %, 19206 MiB, 49140 MiB, 279.31 W
2026/08/14 05:17:49.003, NVIDIA GeForce RTX 4090, 68 %, 19206 MiB, 49140 MiB, 291.49 W
2026/08/14 05:17:50.003, NVIDIA GeForce RTX 4090, 80 %, 19206 MiB, 49140 MiB, 287.65 W
2026/08/14 05:17:51.003, NVIDIA GeForce RTX 4090, 65 %, 19206 MiB, 49140 MiB, 288.25 W
2026/08/14 05:17:52.004, NVIDIA GeForce RTX 4090, 24 %, 19206 MiB, 49140 MiB, 273.88 W
2026/08/14 05:17:53.004, NVIDIA GeForce RTX 4090, 32 %, 19206 MiB, 49140 MiB, 271.38 W
2026/08/14 05:17:54.004, NVIDIA GeForce RTX 4090, 35 %, 19206 MiB, 49140 MiB, 275.42 W
2026/08/14 05:17:55.004, NVIDIA GeForce RTX 4090, 40 %, 19206 MiB, 49140 MiB, 278.48 W
2026/08/14 05:17:56.004, NVIDIA GeForce RTX 4090, 81 %, 19206 MiB, 49140 MiB, 302.75 W
2026/08/14 05:17:57.005, NVIDIA GeForce RTX 4090, 49 %, 19206 MiB, 49140 MiB, 302.18 W
2026/08/14 05:17:58.005, NVIDIA GeForce RTX 4090, 30 %, 19206 MiB, 49140 MiB, 279.40 W
2026/08/14 05:17:59.005, NVIDIA GeForce RTX 4090, 41 %, 19206 MiB, 49140 MiB, 279.51 W
2026/08/14 05:18:00.005, NVIDIA GeForce RTX 4090, 50 %, 19206 MiB, 49140 MiB, 287.03 W
2026/08/14 05:18:01.005, NVIDIA GeForce RTX 4090, 73 %, 19206 MiB, 49140 MiB, 316.97 W
2026/08/14 05:18:02.006, NVIDIA GeForce RTX 4090, 48 %, 19206 MiB, 49140 MiB, 285.34 W
2026/08/14 05:18:03.006, NVIDIA GeForce RTX 4090, 38 %, 19206 MiB, 49140 MiB, 293.30 W
2026/08/14 05:18:04.006, NVIDIA GeForce RTX 4090, 43 %, 19206 MiB, 49140 MiB, 280.11 W
2026/08/14 05:18:05.006, NVIDIA GeForce RTX 4090, 67 %, 19206 MiB, 49140 MiB, 290.95 W
2026/08/14 05:18:06.007, NVIDIA GeForce RTX 4090, 78 %, 19206 MiB, 49140 MiB, 301.02 W
2026/08/14 05:18:07.007, NVIDIA GeForce RTX 4090, 55 %, 19206 MiB, 49140 MiB, 300.03 W
2026/08/14 05:18:08.007, NVIDIA GeForce RTX 4090, 37 %, 19206 MiB, 49140 MiB, 284.30 W
2026/08/14 05:18:09.007, NVIDIA GeForce RTX 4090, 42 %, 19206 MiB, 49140 MiB, 279.89 W
2026/08/14 05:18:10.008, NVIDIA GeForce RTX 4090, 68 %, 19206 MiB, 49140 MiB, 298.78 W
2026/08/14 05:18:11.008, NVIDIA GeForce RTX 4090, 72 %, 19206 MiB, 49140 MiB, 315.66 W
2026/08/14 05:18:12.008, NVIDIA GeForce RTX 4090, 39 %, 19206 MiB, 49140 MiB, 292.80 W
2026/08/14 05:18:13.008, NVIDIA GeForce RTX 4090, 38 %, 19206 MiB, 49140 MiB, 284.53 W
2026/08/14 05:18:14.009, NVIDIA GeForce RTX 4090, 41 %, 19206 MiB, 49140 MiB, 285.44 W
2026/08/14 05:18:15.009, NVIDIA GeForce RTX 4090, 55 %, 19206 MiB, 49140 MiB, 279.12 W
2026/08/14 05:18:16.009, NVIDIA GeForce RTX 4090, 81 %, 19206 MiB, 49140 MiB, 299.26 W
2026/08/14 05:18:17.010, NVIDIA GeForce RTX 4090, 57 %, 19206 MiB, 49140 MiB, 306.22 W
2026/08/14 05:18:18.010, NVIDIA GeForce RTX 4090, 37 %, 19206 MiB, 49140 MiB, 285.07 W
2026/08/14 05:18:19.010, NVIDIA GeForce RTX 4090, 40 %, 19206 MiB, 49140 MiB, 278.99 W
2026/08/14 05:18:20.010, NVIDIA GeForce RTX 4090, 49 %, 19206 MiB, 49140 MiB, 286.02 W
2026/08/14 05:18:21.011, NVIDIA GeForce RTX 4090, 0 %, 19206 MiB, 49140 MiB, 323.72 W
2026/08/14 05:18:22.011, NVIDIA GeForce RTX 4090, 2 %, 19206 MiB, 49140 MiB, 106.70 W
2026/08/14 05:18:23.083, NVIDIA GeForce RTX 4090, 1 %, 19206 MiB, 49140 MiB, 101.62 W
2026/08/14 05:18:24.083, NVIDIA GeForce RTX 4090, 72 %, 19206 MiB, 49140 MiB, 137.06 W
2026/08/14 05:18:25.084, NVIDIA GeForce RTX 4090, 32 %, 19206 MiB, 49140 MiB, 276.17 W
2026/08/14 05:18:26.084, NVIDIA GeForce RTX 4090, 31 %, 19206 MiB, 49140 MiB, 259.89 W
2026/08/14 05:18:27.084, NVIDIA GeForce RTX 4090, 36 %, 19206 MiB, 49140 MiB, 263.48 W
2026/08/14 05:18:28.085, NVIDIA GeForce RTX 4090, 27 %, 19206 MiB, 49140 MiB, 259.56 W
2026/08/14 05:18:29.085, NVIDIA GeForce RTX 4090, 35 %, 19206 MiB, 49140 MiB, 271.02 W
2026/08/14 05:18:30.085, NVIDIA GeForce RTX 4090, 43 %, 19206 MiB, 49140 MiB, 280.18 W
2026/08/14 05:18:31.085, NVIDIA GeForce RTX 4090, 24 %, 19206 MiB, 49140 MiB, 264.00 W
2026/08/14 05:18:32.085, NVIDIA GeForce RTX 4090, 29 %, 19206 MiB, 49140 MiB, 265.50 W
2026/08/14 05:18:33.086, NVIDIA GeForce RTX 4090, 40 %, 19206 MiB, 49140 MiB, 261.85 W
2026/08/14 05:18:34.086, NVIDIA GeForce RTX 4090, 48 %, 19206 MiB, 49140 MiB, 278.08 W
2026/08/14 05:18:35.086, NVIDIA GeForce RTX 4090, 64 %, 19206 MiB, 49140 MiB, 284.08 W
2026/08/14 05:18:36.087, NVIDIA GeForce RTX 4090, 85 %, 19206 MiB, 49140 MiB, 289.06 W
2026/08/14 05:18:37.087, NVIDIA GeForce RTX 4090, 66 %, 19206 MiB, 49140 MiB, 284.88 W
2026/08/14 05:18:38.088, NVIDIA GeForce RTX 4090, 46 %, 19206 MiB, 49140 MiB, 271.49 W
2026/08/14 05:18:39.088, NVIDIA GeForce RTX 4090, 18 %, 19206 MiB, 49140 MiB, 271.50 W
2026/08/14 05:18:40.088, NVIDIA GeForce RTX 4090, 21 %, 19206 MiB, 49140 MiB, 261.31 W
2026/08/14 05:18:41.090, NVIDIA GeForce RTX 4090, 41 %, 19206 MiB, 49140 MiB, 261.32 W
2026/08/14 05:18:42.090, NVIDIA GeForce RTX 4090, 39 %, 19206 MiB, 49140 MiB, 273.41 W
2026/08/14 05:18:43.090, NVIDIA GeForce RTX 4090, 19 %, 19206 MiB, 49140 MiB, 259.94 W
2026/08/14 05:18:44.090, NVIDIA GeForce RTX 4090, 44 %, 19206 MiB, 49140 MiB, 271.73 W
2026/08/14 05:18:45.090, NVIDIA GeForce RTX 4090, 26 %, 19206 MiB, 49140 MiB, 262.53 W
2026/08/14 05:18:46.092, NVIDIA GeForce RTX 4090, 26 %, 19206 MiB, 49140 MiB, 256.23 W
2026/08/14 05:18:47.092, NVIDIA GeForce RTX 4090, 45 %, 19206 MiB, 49140 MiB, 250.46 W
2026/08/14 05:18:48.092, NVIDIA GeForce RTX 4090, 58 %, 19206 MiB, 49140 MiB, 272.87 W
2026/08/14 05:18:49.092, NVIDIA GeForce RTX 4090, 46 %, 19206 MiB, 49140 MiB, 262.02 W
2026/08/14 05:18:50.093, NVIDIA GeForce RTX 4090, 44 %, 19206 MiB, 49140 MiB, 251.68 W
2026/08/14 05:18:51.093, NVIDIA GeForce RTX 4090, 45 %, 19206 MiB, 49140 MiB, 262.85 W
2026/08/14 05:18:52.093, NVIDIA GeForce RTX 4090, 44 %, 19206 MiB, 49140 MiB, 273.41 W
2026/08/14 05:18:53.093, NVIDIA GeForce RTX 4090, 24 %, 19206 MiB, 49140 MiB, 250.45 W
2026/08/14 05:18:54.094, NVIDIA GeForce RTX 4090, 45 %, 19206 MiB, 49140 MiB, 267.26 W
2026/08/14 05:18:55.094, NVIDIA GeForce RTX 4090, 74 %, 19206 MiB, 49140 MiB, 271.74 W
2026/08/14 05:18:56.094, NVIDIA GeForce RTX 4090, 76 %, 19206 MiB, 49140 MiB, 277.36 W
2026/08/14 05:18:57.095, NVIDIA GeForce RTX 4090, 50 %, 19206 MiB, 49140 MiB, 282.72 W
2026/08/14 05:18:58.095, NVIDIA GeForce RTX 4090, 85 %, 19206 MiB, 49140 MiB, 286.97 W
2026/08/14 05:18:59.095, NVIDIA GeForce RTX 4090, 33 %, 19206 MiB, 49140 MiB, 285.45 W
2026/08/14 05:19:00.095, NVIDIA GeForce RTX 4090, 22 %, 19206 MiB, 49140 MiB, 264.12 W
2026/08/14 05:19:01.096, NVIDIA GeForce RTX 4090, 22 %, 19206 MiB, 49140 MiB, 254.11 W
2026/08/14 05:19:02.096, NVIDIA GeForce RTX 4090, 27 %, 19206 MiB, 49140 MiB, 246.51 W
2026/08/14 05:19:03.096, NVIDIA GeForce RTX 4090, 46 %, 19206 MiB, 49140 MiB, 266.45 W
2026/08/14 05:19:04.097, NVIDIA GeForce RTX 4090, 38 %, 19206 MiB, 49140 MiB, 267.56 W
2026/08/14 05:19:05.097, NVIDIA GeForce RTX 4090, 27 %, 19206 MiB, 49140 MiB, 253.44 W
2026/08/14 05:19:06.098, NVIDIA GeForce RTX 4090, 35 %, 19206 MiB, 49140 MiB, 262.69 W
2026/08/14 05:19:07.098, NVIDIA GeForce RTX 4090, 38 %, 19206 MiB, 49140 MiB, 278.03 W
2026/08/14 05:19:08.099, NVIDIA GeForce RTX 4090, 46 %, 19206 MiB, 49140 MiB, 281.66 W
2026/08/14 05:19:09.099, NVIDIA GeForce RTX 4090, 79 %, 19206 MiB, 49140 MiB, 275.80 W
2026/08/14 05:19:10.099, NVIDIA GeForce RTX 4090, 69 %, 19206 MiB, 49140 MiB, 295.81 W
2026/08/14 05:19:11.099, NVIDIA GeForce RTX 4090, 100 %, 19206 MiB, 49140 MiB, 295.06 W
2026/08/14 05:19:12.099, NVIDIA GeForce RTX 4090, 42 %, 19206 MiB, 49140 MiB, 337.97 W
2026/08/14 05:19:13.099, NVIDIA GeForce RTX 4090, 45 %, 19206 MiB, 49140 MiB, 277.75 W
2026/08/14 05:19:14.100, NVIDIA GeForce RTX 4090, 62 %, 19206 MiB, 49140 MiB, 285.05 W
2026/08/14 05:19:15.100, NVIDIA GeForce RTX 4090, 70 %, 19206 MiB, 49140 MiB, 293.36 W
2026/08/14 05:19:16.100, NVIDIA GeForce RTX 4090, 86 %, 19206 MiB, 49140 MiB, 304.28 W
2026/08/14 05:19:17.100, NVIDIA GeForce RTX 4090, 46 %, 19206 MiB, 49140 MiB, 281.20 W
2026/08/14 05:19:18.100, NVIDIA GeForce RTX 4090, 42 %, 19206 MiB, 49140 MiB, 278.10 W
2026/08/14 05:19:19.100, NVIDIA GeForce RTX 4090, 38 %, 19206 MiB, 49140 MiB, 273.25 W
2026/08/14 05:19:20.101, NVIDIA GeForce RTX 4090, 45 %, 19206 MiB, 49140 MiB, 278.28 W
2026/08/14 05:19:21.101, NVIDIA GeForce RTX 4090, 69 %, 19206 MiB, 49140 MiB, 300.26 W
2026/08/14 05:19:22.102, NVIDIA GeForce RTX 4090, 87 %, 19206 MiB, 49140 MiB, 296.40 W
2026/08/14 05:19:23.102, NVIDIA GeForce RTX 4090, 31 %, 19206 MiB, 49140 MiB, 281.77 W
2026/08/14 05:19:24.102, NVIDIA GeForce RTX 4090, 30 %, 19206 MiB, 49140 MiB, 265.12 W
2026/08/14 05:19:25.102, NVIDIA GeForce RTX 4090, 24 %, 19206 MiB, 49140 MiB, 262.15 W
2026/08/14 05:19:26.104, NVIDIA GeForce RTX 4090, 44 %, 19206 MiB, 49140 MiB, 268.92 W
2026/08/14 05:19:27.104, NVIDIA GeForce RTX 4090, 45 %, 19206 MiB, 49140 MiB, 284.03 W
2026/08/14 05:19:28.105, NVIDIA GeForce RTX 4090, 63 %, 19206 MiB, 49140 MiB, 287.45 W
2026/08/14 05:19:29.105, NVIDIA GeForce RTX 4090, 93 %, 19206 MiB, 49140 MiB, 300.91 W
2026/08/14 05:19:30.105, NVIDIA GeForce RTX 4090, 38 %, 19206 MiB, 49140 MiB, 302.18 W
2026/08/14 05:19:31.105, NVIDIA GeForce RTX 4090, 40 %, 19206 MiB, 49140 MiB, 276.20 W
2026/08/14 05:19:32.105, NVIDIA GeForce RTX 4090, 47 %, 19206 MiB, 49140 MiB, 284.50 W
2026/08/14 05:19:33.105, NVIDIA GeForce RTX 4090, 80 %, 19206 MiB, 49140 MiB, 287.02 W
2026/08/14 05:19:34.106, NVIDIA GeForce RTX 4090, 93 %, 19206 MiB, 49140 MiB, 300.79 W
2026/08/14 05:19:35.106, NVIDIA GeForce RTX 4090, 44 %, 19206 MiB, 49140 MiB, 294.78 W
2026/08/14 05:19:36.106, NVIDIA GeForce RTX 4090, 0 %, 19206 MiB, 49140 MiB, 271.02 W
2026/08/14 05:19:37.106, NVIDIA GeForce RTX 4090, 44 %, 19206 MiB, 49140 MiB, 264.54 W
2026/08/14 05:19:38.107, NVIDIA GeForce RTX 4090, 53 %, 19206 MiB, 49140 MiB, 270.26 W
2026/08/14 05:19:39.107, NVIDIA GeForce RTX 4090, 63 %, 19206 MiB, 49140 MiB, 283.90 W
2026/08/14 05:19:40.107, NVIDIA GeForce RTX 4090, 77 %, 19206 MiB, 49140 MiB, 292.64 W
2026/08/14 05:19:41.108, NVIDIA GeForce RTX 4090, 74 %, 19206 MiB, 49140 MiB, 307.34 W
2026/08/14 05:19:42.108, NVIDIA GeForce RTX 4090, 40 %, 19206 MiB, 49140 MiB, 286.61 W
2026/08/14 05:19:43.108, NVIDIA GeForce RTX 4090, 48 %, 19206 MiB, 49140 MiB, 279.99 W
2026/08/14 05:19:44.108, NVIDIA GeForce RTX 4090, 69 %, 19206 MiB, 49140 MiB, 281.08 W
2026/08/14 05:19:45.183, NVIDIA GeForce RTX 4090, 69 %, 19206 MiB, 49140 MiB, 288.79 W
2026/08/14 05:19:46.184, NVIDIA GeForce RTX 4090, 89 %, 19206 MiB, 49140 MiB, 304.49 W
2026/08/14 05:19:47.184, NVIDIA GeForce RTX 4090, 42 %, 19206 MiB, 49140 MiB, 298.07 W
2026/08/14 05:19:48.184, NVIDIA GeForce RTX 4090, 47 %, 19206 MiB, 49140 MiB, 283.34 W
2026/08/14 05:19:49.184, NVIDIA GeForce RTX 4090, 61 %, 19206 MiB, 49140 MiB, 291.05 W
2026/08/14 05:19:50.185, NVIDIA GeForce RTX 4090, 69 %, 19206 MiB, 49140 MiB, 290.16 W
2026/08/14 05:19:51.185, NVIDIA GeForce RTX 4090, 51 %, 19206 MiB, 49140 MiB, 306.33 W
2026/08/14 05:19:52.185, NVIDIA GeForce RTX 4090, 43 %, 19206 MiB, 49140 MiB, 288.99 W
2026/08/14 05:19:53.186, NVIDIA GeForce RTX 4090, 49 %, 19206 MiB, 49140 MiB, 280.50 W
2026/08/14 05:19:54.186, NVIDIA GeForce RTX 4090, 59 %, 19206 MiB, 49140 MiB, 284.75 W
2026/08/14 05:19:55.186, NVIDIA GeForce RTX 4090, 0 %, 19206 MiB, 49140 MiB, 317.50 W
2026/08/14 05:19:56.187, NVIDIA GeForce RTX 4090, 0 %, 19206 MiB, 49140 MiB, 106.34 W
2026/08/14 05:19:57.187, NVIDIA GeForce RTX 4090, 0 %, 19206 MiB, 49140 MiB, 98.45 W
2026/08/14 05:19:58.187, NVIDIA GeForce RTX 4090, 40 %, 19206 MiB, 49140 MiB, 165.73 W
2026/08/14 05:19:59.187, NVIDIA GeForce RTX 4090, 52 %, 19206 MiB, 49140 MiB, 277.98 W
2026/08/14 05:20:00.188, NVIDIA GeForce RTX 4090, 58 %, 19206 MiB, 49140 MiB, 288.78 W
2026/08/14 05:20:01.188, NVIDIA GeForce RTX 4090, 71 %, 19206 MiB, 49140 MiB, 280.97 W
2026/08/14 05:20:02.188, NVIDIA GeForce RTX 4090, 89 %, 19206 MiB, 49140 MiB, 302.41 W
2026/08/14 05:20:03.188, NVIDIA GeForce RTX 4090, 47 %, 19206 MiB, 49140 MiB, 289.30 W
2026/08/14 05:20:04.188, NVIDIA GeForce RTX 4090, 40 %, 19206 MiB, 49140 MiB, 279.57 W
2026/08/14 05:20:05.188, NVIDIA GeForce RTX 4090, 44 %, 19206 MiB, 49140 MiB, 272.63 W
2026/08/14 05:20:06.189, NVIDIA GeForce RTX 4090, 46 %, 19206 MiB, 49140 MiB, 274.58 W
2026/08/14 05:20:07.189, NVIDIA GeForce RTX 4090, 56 %, 19206 MiB, 49140 MiB, 281.13 W
2026/08/14 05:20:08.189, NVIDIA GeForce RTX 4090, 67 %, 19206 MiB, 49140 MiB, 282.65 W
2026/08/14 05:20:09.189, NVIDIA GeForce RTX 4090, 53 %, 19206 MiB, 49140 MiB, 299.51 W
2026/08/14 05:20:10.189, NVIDIA GeForce RTX 4090, 37 %, 19206 MiB, 49140 MiB, 282.20 W
2026/08/14 05:20:11.189, NVIDIA GeForce RTX 4090, 40 %, 19206 MiB, 49140 MiB, 277.29 W
2026/08/14 05:20:12.190, NVIDIA GeForce RTX 4090, 52 %, 19206 MiB, 49140 MiB, 276.35 W
2026/08/14 05:20:13.190, NVIDIA GeForce RTX 4090, 70 %, 19206 MiB, 49140 MiB, 293.56 W
2026/08/14 05:20:14.190, NVIDIA GeForce RTX 4090, 69 %, 19206 MiB, 49140 MiB, 279.94 W
2026/08/14 05:20:15.190, NVIDIA GeForce RTX 4090, 81 %, 19206 MiB, 49140 MiB, 310.03 W
2026/08/14 05:20:16.191, NVIDIA GeForce RTX 4090, 39 %, 19206 MiB, 49140 MiB, 288.10 W
2026/08/14 05:20:17.191, NVIDIA GeForce RTX 4090, 46 %, 19206 MiB, 49140 MiB, 280.39 W
2026/08/14 05:20:18.191, NVIDIA GeForce RTX 4090, 53 %, 19206 MiB, 49140 MiB, 292.21 W
2026/08/14 05:20:19.191, NVIDIA GeForce RTX 4090, 69 %, 19206 MiB, 49140 MiB, 291.43 W
2026/08/14 05:20:20.191, NVIDIA GeForce RTX 4090, 51 %, 19206 MiB, 49140 MiB, 301.86 W
2026/08/14 05:20:21.191, NVIDIA GeForce RTX 4090, 43 %, 19206 MiB, 49140 MiB, 277.07 W
2026/08/14 05:20:22.192, NVIDIA GeForce RTX 4090, 46 %, 19206 MiB, 49140 MiB, 273.21 W
2026/08/14 05:20:23.192, NVIDIA GeForce RTX 4090, 38 %, 19206 MiB, 49140 MiB, 268.17 W
2026/08/14 05:20:24.192, NVIDIA GeForce RTX 4090, 51 %, 19206 MiB, 49140 MiB, 270.49 W
2026/08/14 05:20:25.192, NVIDIA GeForce RTX 4090, 52 %, 19206 MiB, 49140 MiB, 272.78 W
2026/08/14 05:20:26.192, NVIDIA GeForce RTX 4090, 66 %, 19206 MiB, 49140 MiB, 292.20 W
2026/08/14 05:20:27.193, NVIDIA GeForce RTX 4090, 87 %, 19206 MiB, 49140 MiB, 304.74 W
2026/08/14 05:20:28.193, NVIDIA GeForce RTX 4090, 45 %, 19206 MiB, 49140 MiB, 295.57 W
2026/08/14 05:20:29.193, NVIDIA GeForce RTX 4090, 55 %, 19206 MiB, 49140 MiB, 278.23 W
2026/08/14 05:20:30.193, NVIDIA GeForce RTX 4090, 49 %, 19206 MiB, 49140 MiB, 276.41 W
2026/08/14 05:20:31.193, NVIDIA GeForce RTX 4090, 51 %, 19206 MiB, 49140 MiB, 276.72 W
2026/08/14 05:20:32.194, NVIDIA GeForce RTX 4090, 54 %, 19206 MiB, 49140 MiB, 279.11 W
2026/08/14 05:20:33.194, NVIDIA GeForce RTX 4090, 92 %, 19206 MiB, 49140 MiB, 300.51 W
2026/08/14 05:20:34.194, NVIDIA GeForce RTX 4090, 74 %, 19206 MiB, 49140 MiB, 297.11 W
2026/08/14 05:20:35.194, NVIDIA GeForce RTX 4090, 39 %, 19206 MiB, 49140 MiB, 280.51 W
2026/08/14 05:20:36.194, NVIDIA GeForce RTX 4090, 42 %, 19206 MiB, 49140 MiB, 269.85 W
2026/08/14 05:20:37.195, NVIDIA GeForce RTX 4090, 47 %, 19206 MiB, 49140 MiB, 278.61 W
2026/08/14 05:20:38.195, NVIDIA GeForce RTX 4090, 46 %, 19206 MiB, 49140 MiB, 273.61 W
2026/08/14 05:20:39.195, NVIDIA GeForce RTX 4090, 54 %, 19206 MiB, 49140 MiB, 283.14 W
2026/08/14 05:20:40.195, NVIDIA GeForce RTX 4090, 92 %, 19206 MiB, 49140 MiB, 296.44 W
2026/08/14 05:20:41.195, NVIDIA GeForce RTX 4090, 100 %, 19206 MiB, 49140 MiB, 309.85 W
2026/08/14 05:20:42.196, NVIDIA GeForce RTX 4090, 45 %, 19206 MiB, 49140 MiB, 341.91 W
2026/08/14 05:20:43.196, NVIDIA GeForce RTX 4090, 59 %, 19206 MiB, 49140 MiB, 280.87 W
2026/08/14 05:20:44.196, NVIDIA GeForce RTX 4090, 56 %, 19206 MiB, 49140 MiB, 277.02 W
2026/08/14 05:20:45.196, NVIDIA GeForce RTX 4090, 70 %, 19206 MiB, 49140 MiB, 275.98 W
2026/08/14 05:20:46.197, NVIDIA GeForce RTX 4090, 87 %, 19206 MiB, 49140 MiB, 289.68 W
2026/08/14 05:20:47.197, NVIDIA GeForce RTX 4090, 48 %, 19206 MiB, 49140 MiB, 295.98 W
2026/08/14 05:20:48.197, NVIDIA GeForce RTX 4090, 44 %, 19206 MiB, 49140 MiB, 274.79 W
2026/08/14 05:20:49.197, NVIDIA GeForce RTX 4090, 38 %, 19206 MiB, 49140 MiB, 267.05 W
2026/08/14 05:20:50.197, NVIDIA GeForce RTX 4090, 57 %, 19206 MiB, 49140 MiB, 271.87 W
2026/08/14 05:20:51.198, NVIDIA GeForce RTX 4090, 45 %, 19206 MiB, 49140 MiB, 271.84 W
2026/08/14 05:20:52.198, NVIDIA GeForce RTX 4090, 69 %, 19206 MiB, 49140 MiB, 286.73 W
2026/08/14 05:20:53.198, NVIDIA GeForce RTX 4090, 89 %, 19206 MiB, 49140 MiB, 302.74 W
2026/08/14 05:20:54.198, NVIDIA GeForce RTX 4090, 51 %, 19206 MiB, 49140 MiB, 294.79 W
2026/08/14 05:20:55.199, NVIDIA GeForce RTX 4090, 44 %, 19206 MiB, 49140 MiB, 274.46 W
2026/08/14 05:20:56.199, NVIDIA GeForce RTX 4090, 42 %, 19206 MiB, 49140 MiB, 274.97 W
2026/08/14 05:20:57.199, NVIDIA GeForce RTX 4090, 54 %, 19206 MiB, 49140 MiB, 287.99 W
2026/08/14 05:20:58.199, NVIDIA GeForce RTX 4090, 70 %, 19206 MiB, 49140 MiB, 291.10 W
2026/08/14 05:20:59.200, NVIDIA GeForce RTX 4090, 89 %, 19206 MiB, 49140 MiB, 308.89 W
2026/08/14 05:21:00.200, NVIDIA GeForce RTX 4090, 42 %, 19206 MiB, 49140 MiB, 289.69 W
2026/08/14 05:21:01.200, NVIDIA GeForce RTX 4090, 48 %, 19206 MiB, 49140 MiB, 276.45 W
2026/08/14 05:21:02.200, NVIDIA GeForce RTX 4090, 45 %, 19206 MiB, 49140 MiB, 284.82 W
2026/08/14 05:21:03.201, NVIDIA GeForce RTX 4090, 92 %, 19206 MiB, 49140 MiB, 309.20 W
2026/08/14 05:21:04.201, NVIDIA GeForce RTX 4090, 56 %, 19206 MiB, 49140 MiB, 290.52 W
2026/08/14 05:21:05.201, NVIDIA GeForce RTX 4090, 40 %, 19206 MiB, 49140 MiB, 283.12 W
2026/08/14 05:21:06.201, NVIDIA GeForce RTX 4090, 40 %, 19206 MiB, 49140 MiB, 277.34 W
2026/08/14 05:21:07.202, NVIDIA GeForce RTX 4090, 41 %, 19206 MiB, 49140 MiB, 293.52 W
2026/08/14 05:21:08.283, NVIDIA GeForce RTX 4090, 71 %, 19206 MiB, 49140 MiB, 293.51 W
2026/08/14 05:21:09.284, NVIDIA GeForce RTX 4090, 86 %, 19206 MiB, 49140 MiB, 310.86 W
2026/08/14 05:21:10.284, NVIDIA GeForce RTX 4090, 24 %, 19206 MiB, 49140 MiB, 293.59 W
2026/08/14 05:21:11.284, NVIDIA GeForce RTX 4090, 50 %, 19206 MiB, 49140 MiB, 275.22 W
2026/08/14 05:21:12.284, NVIDIA GeForce RTX 4090, 43 %, 19206 MiB, 49140 MiB, 282.90 W
2026/08/14 05:21:13.285, NVIDIA GeForce RTX 4090, 52 %, 19206 MiB, 49140 MiB, 274.16 W
2026/08/14 05:21:14.285, NVIDIA GeForce RTX 4090, 69 %, 19206 MiB, 49140 MiB, 282.69 W
2026/08/14 05:21:15.285, NVIDIA GeForce RTX 4090, 89 %, 19206 MiB, 49140 MiB, 312.83 W
2026/08/14 05:21:16.286, NVIDIA GeForce RTX 4090, 40 %, 19206 MiB, 49140 MiB, 293.04 W
2026/08/14 05:21:17.286, NVIDIA GeForce RTX 4090, 39 %, 19206 MiB, 49140 MiB, 273.21 W
2026/08/14 05:21:18.286, NVIDIA GeForce RTX 4090, 48 %, 19206 MiB, 49140 MiB, 282.78 W
2026/08/14 05:21:19.287, NVIDIA GeForce RTX 4090, 55 %, 19206 MiB, 49140 MiB, 284.98 W
2026/08/14 05:21:20.287, NVIDIA GeForce RTX 4090, 88 %, 19206 MiB, 49140 MiB, 311.08 W
2026/08/14 05:21:21.287, NVIDIA GeForce RTX 4090, 39 %, 19206 MiB, 49140 MiB, 303.02 W
2026/08/14 05:21:22.287, NVIDIA GeForce RTX 4090, 36 %, 19206 MiB, 49140 MiB, 269.23 W
2026/08/14 05:21:23.288, NVIDIA GeForce RTX 4090, 39 %, 19206 MiB, 49140 MiB, 272.08 W
2026/08/14 05:21:24.288, NVIDIA GeForce RTX 4090, 41 %, 19206 MiB, 49140 MiB, 272.55 W
2026/08/14 05:21:25.288, NVIDIA GeForce RTX 4090, 0 %, 19206 MiB, 49140 MiB, 334.37 W
2026/08/14 05:21:26.288, NVIDIA GeForce RTX 4090, 0 %, 19206 MiB, 49140 MiB, 106.66 W
2026/08/14 05:21:27.289, NVIDIA GeForce RTX 4090, 5 %, 19206 MiB, 49140 MiB, 101.08 W
2026/08/14 05:21:28.289, NVIDIA GeForce RTX 4090, 70 %, 19206 MiB, 49140 MiB, 253.08 W
2026/08/14 05:21:29.289, NVIDIA GeForce RTX 4090, 93 %, 19206 MiB, 49140 MiB, 294.62 W
2026/08/14 05:21:30.290, NVIDIA GeForce RTX 4090, 88 %, 19206 MiB, 49140 MiB, 298.42 W
2026/08/14 05:21:31.290, NVIDIA GeForce RTX 4090, 40 %, 19206 MiB, 49140 MiB, 287.11 W
2026/08/14 05:21:32.290, NVIDIA GeForce RTX 4090, 31 %, 19206 MiB, 49140 MiB, 265.87 W
2026/08/14 05:21:33.290, NVIDIA GeForce RTX 4090, 32 %, 19206 MiB, 49140 MiB, 262.24 W
2026/08/14 05:21:34.291, NVIDIA GeForce RTX 4090, 36 %, 19206 MiB, 49140 MiB, 262.53 W
2026/08/14 05:21:35.291, NVIDIA GeForce RTX 4090, 35 %, 19206 MiB, 49140 MiB, 277.57 W
2026/08/14 05:21:36.291, NVIDIA GeForce RTX 4090, 37 %, 19206 MiB, 49140 MiB, 273.95 W
2026/08/14 05:21:37.291, NVIDIA GeForce RTX 4090, 54 %, 19206 MiB, 49140 MiB, 279.04 W
2026/08/14 05:21:38.292, NVIDIA GeForce RTX 4090, 69 %, 19206 MiB, 49140 MiB, 287.86 W
2026/08/14 05:21:39.292, NVIDIA GeForce RTX 4090, 80 %, 19206 MiB, 49140 MiB, 318.73 W
2026/08/14 05:21:40.292, NVIDIA GeForce RTX 4090, 32 %, 19206 MiB, 49140 MiB, 288.16 W
2026/08/14 05:21:41.292, NVIDIA GeForce RTX 4090, 34 %, 19206 MiB, 49140 MiB, 274.03 W
2026/08/14 05:21:42.293, NVIDIA GeForce RTX 4090, 92 %, 19206 MiB, 49140 MiB, 302.15 W
2026/08/14 05:21:43.293, NVIDIA GeForce RTX 4090, 90 %, 19206 MiB, 49140 MiB, 301.15 W
2026/08/14 05:21:44.293, NVIDIA GeForce RTX 4090, 68 %, 19206 MiB, 49140 MiB, 289.06 W
2026/08/14 05:21:45.293, NVIDIA GeForce RTX 4090, 32 %, 19206 MiB, 49140 MiB, 286.04 W
2026/08/14 05:21:46.294, NVIDIA GeForce RTX 4090, 38 %, 19206 MiB, 49140 MiB, 272.09 W
2026/08/14 05:21:47.294, NVIDIA GeForce RTX 4090, 40 %, 19206 MiB, 49140 MiB, 280.53 W
2026/08/14 05:21:48.294, NVIDIA GeForce RTX 4090, 53 %, 19206 MiB, 49140 MiB, 281.78 W
2026/08/14 05:21:49.294, NVIDIA GeForce RTX 4090, 91 %, 19206 MiB, 49140 MiB, 312.56 W
2026/08/14 05:21:50.294, NVIDIA GeForce RTX 4090, 29 %, 19206 MiB, 49140 MiB, 302.35 W
2026/08/14 05:21:51.295, NVIDIA GeForce RTX 4090, 32 %, 19206 MiB, 49140 MiB, 273.09 W
2026/08/14 05:21:52.295, NVIDIA GeForce RTX 4090, 38 %, 19206 MiB, 49140 MiB, 281.15 W
2026/08/14 05:21:53.295, NVIDIA GeForce RTX 4090, 52 %, 19206 MiB, 49140 MiB, 287.50 W
2026/08/14 05:21:54.295, NVIDIA GeForce RTX 4090, 93 %, 19206 MiB, 49140 MiB, 303.59 W
2026/08/14 05:21:55.295, NVIDIA GeForce RTX 4090, 55 %, 19206 MiB, 49140 MiB, 298.92 W
2026/08/14 05:21:56.296, NVIDIA GeForce RTX 4090, 34 %, 19206 MiB, 49140 MiB, 283.48 W
2026/08/14 05:21:57.296, NVIDIA GeForce RTX 4090, 32 %, 19206 MiB, 49140 MiB, 276.11 W
2026/08/14 05:21:58.296, NVIDIA GeForce RTX 4090, 34 %, 19206 MiB, 49140 MiB, 280.90 W
2026/08/14 05:21:59.296, NVIDIA GeForce RTX 4090, 70 %, 19206 MiB, 49140 MiB, 293.59 W
2026/08/14 05:22:00.297, NVIDIA GeForce RTX 4090, 89 %, 19206 MiB, 49140 MiB, 308.66 W
2026/08/14 05:22:01.297, NVIDIA GeForce RTX 4090, 40 %, 19206 MiB, 49140 MiB, 286.20 W
2026/08/14 05:22:02.297, NVIDIA GeForce RTX 4090, 37 %, 19206 MiB, 49140 MiB, 270.34 W
2026/08/14 05:22:03.297, NVIDIA GeForce RTX 4090, 34 %, 19206 MiB, 49140 MiB, 276.22 W
2026/08/14 05:22:04.297, NVIDIA GeForce RTX 4090, 31 %, 19206 MiB, 49140 MiB, 278.76 W
2026/08/14 05:22:05.298, NVIDIA GeForce RTX 4090, 94 %, 19206 MiB, 49140 MiB, 311.30 W
2026/08/14 05:22:06.298, NVIDIA GeForce RTX 4090, 51 %, 19206 MiB, 49140 MiB, 297.46 W
2026/08/14 05:22:07.298, NVIDIA GeForce RTX 4090, 26 %, 19206 MiB, 49140 MiB, 274.87 W
2026/08/14 05:22:08.298, NVIDIA GeForce RTX 4090, 36 %, 19206 MiB, 49140 MiB, 268.55 W
2026/08/14 05:22:09.298, NVIDIA GeForce RTX 4090, 34 %, 19206 MiB, 49140 MiB, 268.69 W
2026/08/14 05:22:10.298, NVIDIA GeForce RTX 4090, 42 %, 19206 MiB, 49140 MiB, 279.56 W
2026/08/14 05:22:11.298, NVIDIA GeForce RTX 4090, 66 %, 19206 MiB, 49140 MiB, 373.59 W
2026/08/14 05:22:12.299, NVIDIA GeForce RTX 4090, 49 %, 19206 MiB, 49140 MiB, 282.23 W
2026/08/14 05:22:13.299, NVIDIA GeForce RTX 4090, 24 %, 19206 MiB, 49140 MiB, 271.57 W
2026/08/14 05:22:14.299, NVIDIA GeForce RTX 4090, 38 %, 19206 MiB, 49140 MiB, 273.46 W
2026/08/14 05:22:15.299, NVIDIA GeForce RTX 4090, 44 %, 19206 MiB, 49140 MiB, 281.63 W
2026/08/14 05:22:16.299, NVIDIA GeForce RTX 4090, 52 %, 19206 MiB, 49140 MiB, 275.34 W
2026/08/14 05:22:17.300, NVIDIA GeForce RTX 4090, 70 %, 19206 MiB, 49140 MiB, 283.68 W
2026/08/14 05:22:18.300, NVIDIA GeForce RTX 4090, 71 %, 19206 MiB, 49140 MiB, 289.33 W
2026/08/14 05:22:19.300, NVIDIA GeForce RTX 4090, 53 %, 19206 MiB, 49140 MiB, 287.89 W
2026/08/14 05:22:20.300, NVIDIA GeForce RTX 4090, 26 %, 19206 MiB, 49140 MiB, 270.09 W
2026/08/14 05:22:21.300, NVIDIA GeForce RTX 4090, 32 %, 19206 MiB, 49140 MiB, 267.75 W
2026/08/14 05:22:22.300, NVIDIA GeForce RTX 4090, 40 %, 19206 MiB, 49140 MiB, 282.88 W
2026/08/14 05:22:23.300, NVIDIA GeForce RTX 4090, 41 %, 19206 MiB, 49140 MiB, 271.08 W
2026/08/14 05:22:24.301, NVIDIA GeForce RTX 4090, 70 %, 19206 MiB, 49140 MiB, 295.76 W
2026/08/14 05:22:25.301, NVIDIA GeForce RTX 4090, 92 %, 19206 MiB, 49140 MiB, 293.71 W
2026/08/14 05:22:26.301, NVIDIA GeForce RTX 4090, 27 %, 19206 MiB, 49140 MiB, 297.22 W
2026/08/14 05:22:27.301, NVIDIA GeForce RTX 4090, 32 %, 19206 MiB, 49140 MiB, 270.16 W
2026/08/14 05:22:28.301, NVIDIA GeForce RTX 4090, 39 %, 19206 MiB, 49140 MiB, 290.13 W
2026/08/14 05:22:29.301, NVIDIA GeForce RTX 4090, 39 %, 19206 MiB, 49140 MiB, 275.22 W
2026/08/14 05:22:30.302, NVIDIA GeForce RTX 4090, 69 %, 19206 MiB, 49140 MiB, 290.81 W
2026/08/14 05:22:31.302, NVIDIA GeForce RTX 4090, 92 %, 19206 MiB, 49140 MiB, 293.44 W
2026/08/14 05:22:32.302, NVIDIA GeForce RTX 4090, 51 %, 19206 MiB, 49140 MiB, 289.10 W
2026/08/14 05:22:33.302, NVIDIA GeForce RTX 4090, 33 %, 19206 MiB, 49140 MiB, 276.08 W
2026/08/14 05:22:34.302, NVIDIA GeForce RTX 4090, 35 %, 19206 MiB, 49140 MiB, 278.19 W
2026/08/14 05:22:35.302, NVIDIA GeForce RTX 4090, 34 %, 19206 MiB, 49140 MiB, 271.39 W
2026/08/14 05:22:36.302, NVIDIA GeForce RTX 4090, 43 %, 19206 MiB, 49140 MiB, 272.48 W
2026/08/14 05:22:37.303, NVIDIA GeForce RTX 4090, 54 %, 19206 MiB, 49140 MiB, 278.28 W
2026/08/14 05:22:38.303, NVIDIA GeForce RTX 4090, 99 %, 19206 MiB, 49140 MiB, 304.36 W
2026/08/14 05:22:39.303, NVIDIA GeForce RTX 4090, 45 %, 19206 MiB, 49140 MiB, 307.62 W
2026/08/14 05:22:40.303, NVIDIA GeForce RTX 4090, 25 %, 19206 MiB, 49140 MiB, 282.23 W
2026/08/14 05:22:41.303, NVIDIA GeForce RTX 4090, 38 %, 19206 MiB, 49140 MiB, 284.63 W
2026/08/14 05:22:42.304, NVIDIA GeForce RTX 4090, 70 %, 19206 MiB, 49140 MiB, 297.14 W
2026/08/14 05:22:43.304, NVIDIA GeForce RTX 4090, 52 %, 19206 MiB, 49140 MiB, 313.45 W
2026/08/14 05:22:44.304, NVIDIA GeForce RTX 4090, 39 %, 19206 MiB, 49140 MiB, 282.97 W
2026/08/14 05:22:45.304, NVIDIA GeForce RTX 4090, 33 %, 19206 MiB, 49140 MiB, 279.40 W
2026/08/14 05:22:46.305, NVIDIA GeForce RTX 4090, 23 %, 19206 MiB, 49140 MiB, 270.51 W
2026/08/14 05:22:47.305, NVIDIA GeForce RTX 4090, 35 %, 19206 MiB, 49140 MiB, 281.75 W
2026/08/14 05:22:48.305, NVIDIA GeForce RTX 4090, 52 %, 19206 MiB, 49140 MiB, 272.55 W
2026/08/14 05:22:49.305, NVIDIA GeForce RTX 4090, 98 %, 19206 MiB, 49140 MiB, 305.88 W
2026/08/14 05:22:50.306, NVIDIA GeForce RTX 4090, 52 %, 19206 MiB, 49140 MiB, 302.08 W
2026/08/14 05:22:51.306, NVIDIA GeForce RTX 4090, 34 %, 19206 MiB, 49140 MiB, 283.41 W
2026/08/14 05:22:52.306, NVIDIA GeForce RTX 4090, 31 %, 19206 MiB, 49140 MiB, 271.67 W
2026/08/14 05:22:53.306, NVIDIA GeForce RTX 4090, 34 %, 19206 MiB, 49140 MiB, 273.01 W
2026/08/14 05:22:54.307, NVIDIA GeForce RTX 4090, 35 %, 19206 MiB, 49140 MiB, 280.53 W
2026/08/14 05:22:55.307, NVIDIA GeForce RTX 4090, 0 %, 19206 MiB, 49140 MiB, 327.32 W
2026/08/14 05:22:56.307, NVIDIA GeForce RTX 4090, 0 %, 19206 MiB, 49140 MiB, 106.96 W
2026/08/14 05:22:57.383, NVIDIA GeForce RTX 4090, 5 %, 19206 MiB, 49140 MiB, 98.92 W
2026/08/14 05:22:58.384, NVIDIA GeForce RTX 4090, 53 %, 19206 MiB, 49140 MiB, 220.48 W
2026/08/14 05:22:59.384, NVIDIA GeForce RTX 4090, 70 %, 19206 MiB, 49140 MiB, 285.80 W
2026/08/14 05:23:00.384, NVIDIA GeForce RTX 4090, 80 %, 19206 MiB, 49140 MiB, 291.12 W
2026/08/14 05:23:01.384, NVIDIA GeForce RTX 4090, 69 %, 19206 MiB, 49140 MiB, 292.27 W
2026/08/14 05:23:02.385, NVIDIA GeForce RTX 4090, 67 %, 19206 MiB, 49140 MiB, 268.77 W
2026/08/14 05:23:03.385, NVIDIA GeForce RTX 4090, 23 %, 19206 MiB, 49140 MiB, 266.14 W
2026/08/14 05:23:04.385, NVIDIA GeForce RTX 4090, 30 %, 19206 MiB, 49140 MiB, 265.03 W
2026/08/14 05:23:05.385, NVIDIA GeForce RTX 4090, 14 %, 19206 MiB, 49140 MiB, 255.37 W
2026/08/14 05:23:06.386, NVIDIA GeForce RTX 4090, 26 %, 19206 MiB, 49140 MiB, 261.44 W
2026/08/14 05:23:07.386, NVIDIA GeForce RTX 4090, 32 %, 19206 MiB, 49140 MiB, 266.63 W
2026/08/14 05:23:08.386, NVIDIA GeForce RTX 4090, 29 %, 19206 MiB, 49140 MiB, 266.33 W
2026/08/14 05:23:09.386, NVIDIA GeForce RTX 4090, 31 %, 19206 MiB, 49140 MiB, 268.50 W
2026/08/14 05:23:10.386, NVIDIA GeForce RTX 4090, 13 %, 19206 MiB, 49140 MiB, 262.80 W
2026/08/14 05:23:11.387, NVIDIA GeForce RTX 4090, 41 %, 19206 MiB, 49140 MiB, 267.88 W
2026/08/14 05:23:12.387, NVIDIA GeForce RTX 4090, 45 %, 19206 MiB, 49140 MiB, 274.38 W
2026/08/14 05:23:13.387, NVIDIA GeForce RTX 4090, 52 %, 19206 MiB, 49140 MiB, 287.37 W
2026/08/14 05:23:14.387, NVIDIA GeForce RTX 4090, 22 %, 19206 MiB, 49140 MiB, 284.36 W
2026/08/14 05:23:15.388, NVIDIA GeForce RTX 4090, 70 %, 19206 MiB, 49140 MiB, 260.11 W
2026/08/14 05:23:16.388, NVIDIA GeForce RTX 4090, 71 %, 19206 MiB, 49140 MiB, 281.58 W
2026/08/14 05:23:17.388, NVIDIA GeForce RTX 4090, 81 %, 19206 MiB, 49140 MiB, 291.73 W
2026/08/14 05:23:18.388, NVIDIA GeForce RTX 4090, 70 %, 19206 MiB, 49140 MiB, 277.40 W
2026/08/14 05:23:19.389, NVIDIA GeForce RTX 4090, 53 %, 19206 MiB, 49140 MiB, 265.65 W
2026/08/14 05:23:20.389, NVIDIA GeForce RTX 4090, 24 %, 19206 MiB, 49140 MiB, 264.74 W
2026/08/14 05:23:21.389, NVIDIA GeForce RTX 4090, 18 %, 19206 MiB, 49140 MiB, 268.08 W
2026/08/14 05:23:22.389, NVIDIA GeForce RTX 4090, 20 %, 19206 MiB, 49140 MiB, 263.63 W
2026/08/14 05:23:23.389, NVIDIA GeForce RTX 4090, 22 %, 19206 MiB, 49140 MiB, 257.14 W
2026/08/14 05:23:24.390, NVIDIA GeForce RTX 4090, 33 %, 19206 MiB, 49140 MiB, 266.20 W
2026/08/14 05:23:25.390, NVIDIA GeForce RTX 4090, 29 %, 19206 MiB, 49140 MiB, 267.88 W
2026/08/14 05:23:26.390, NVIDIA GeForce RTX 4090, 40 %, 19206 MiB, 49140 MiB, 286.38 W
2026/08/14 05:23:27.390, NVIDIA GeForce RTX 4090, 70 %, 19206 MiB, 49140 MiB, 298.64 W
2026/08/14 05:23:28.390, NVIDIA GeForce RTX 4090, 96 %, 19206 MiB, 49140 MiB, 289.68 W
2026/08/14 05:23:29.390, NVIDIA GeForce RTX 4090, 60 %, 19206 MiB, 49140 MiB, 273.57 W
2026/08/14 05:23:30.390, NVIDIA GeForce RTX 4090, 70 %, 19206 MiB, 49140 MiB, 265.09 W
2026/08/14 05:23:31.391, NVIDIA GeForce RTX 4090, 86 %, 19206 MiB, 49140 MiB, 266.57 W
2026/08/14 05:23:32.391, NVIDIA GeForce RTX 4090, 55 %, 19206 MiB, 49140 MiB, 275.51 W
2026/08/14 05:23:33.391, NVIDIA GeForce RTX 4090, 38 %, 19206 MiB, 49140 MiB, 265.59 W
2026/08/14 05:23:34.391, NVIDIA GeForce RTX 4090, 28 %, 19206 MiB, 49140 MiB, 253.27 W
2026/08/14 05:23:35.391, NVIDIA GeForce RTX 4090, 40 %, 19206 MiB, 49140 MiB, 263.49 W
2026/08/14 05:23:36.392, NVIDIA GeForce RTX 4090, 42 %, 19206 MiB, 49140 MiB, 275.64 W
2026/08/14 05:23:37.392, NVIDIA GeForce RTX 4090, 47 %, 19206 MiB, 49140 MiB, 284.14 W
2026/08/14 05:23:38.392, NVIDIA GeForce RTX 4090, 74 %, 19206 MiB, 49140 MiB, 289.14 W
2026/08/14 05:23:39.392, NVIDIA GeForce RTX 4090, 86 %, 19206 MiB, 49140 MiB, 309.23 W
2026/08/14 05:23:40.392, NVIDIA GeForce RTX 4090, 43 %, 19206 MiB, 49140 MiB, 283.09 W
2026/08/14 05:23:41.392, NVIDIA GeForce RTX 4090, 30 %, 19206 MiB, 49140 MiB, 274.69 W
2026/08/14 05:23:42.393, NVIDIA GeForce RTX 4090, 34 %, 19206 MiB, 49140 MiB, 261.77 W
2026/08/14 05:23:43.393, NVIDIA GeForce RTX 4090, 48 %, 19206 MiB, 49140 MiB, 276.65 W
2026/08/14 05:23:44.393, NVIDIA GeForce RTX 4090, 44 %, 19206 MiB, 49140 MiB, 375.59 W
2026/08/14 05:23:45.393, NVIDIA GeForce RTX 4090, 40 %, 19206 MiB, 49140 MiB, 276.36 W
2026/08/14 05:23:46.393, NVIDIA GeForce RTX 4090, 49 %, 19206 MiB, 49140 MiB, 276.99 W
2026/08/14 05:23:47.394, NVIDIA GeForce RTX 4090, 47 %, 19206 MiB, 49140 MiB, 287.70 W
2026/08/14 05:23:48.394, NVIDIA GeForce RTX 4090, 73 %, 19206 MiB, 49140 MiB, 282.43 W
2026/08/14 05:23:49.394, NVIDIA GeForce RTX 4090, 98 %, 19206 MiB, 49140 MiB, 314.21 W
2026/08/14 05:23:50.394, NVIDIA GeForce RTX 4090, 43 %, 19206 MiB, 49140 MiB, 284.84 W
2026/08/14 05:23:51.394, NVIDIA GeForce RTX 4090, 45 %, 19206 MiB, 49140 MiB, 281.92 W
2026/08/14 05:23:52.394, NVIDIA GeForce RTX 4090, 49 %, 19206 MiB, 49140 MiB, 279.85 W
2026/08/14 05:23:53.394, NVIDIA GeForce RTX 4090, 45 %, 19206 MiB, 49140 MiB, 279.48 W
2026/08/14 05:23:54.395, NVIDIA GeForce RTX 4090, 98 %, 19206 MiB, 49140 MiB, 304.59 W
2026/08/14 05:23:55.395, NVIDIA GeForce RTX 4090, 56 %, 19206 MiB, 49140 MiB, 301.70 W
2026/08/14 05:23:56.395, NVIDIA GeForce RTX 4090, 27 %, 19206 MiB, 49140 MiB, 283.09 W
2026/08/14 05:23:57.395, NVIDIA GeForce RTX 4090, 40 %, 19206 MiB, 49140 MiB, 269.44 W
2026/08/14 05:23:58.395, NVIDIA GeForce RTX 4090, 47 %, 19206 MiB, 49140 MiB, 279.54 W
2026/08/14 05:23:59.396, NVIDIA GeForce RTX 4090, 73 %, 19206 MiB, 49140 MiB, 297.79 W
2026/08/14 05:24:00.396, NVIDIA GeForce RTX 4090, 92 %, 19206 MiB, 49140 MiB, 306.11 W
2026/08/14 05:24:01.396, NVIDIA GeForce RTX 4090, 41 %, 19206 MiB, 49140 MiB, 303.78 W
2026/08/14 05:24:02.396, NVIDIA GeForce RTX 4090, 33 %, 19206 MiB, 49140 MiB, 275.77 W
2026/08/14 05:24:03.396, NVIDIA GeForce RTX 4090, 1 %, 19206 MiB, 49140 MiB, 267.94 W
2026/08/14 05:24:04.396, NVIDIA GeForce RTX 4090, 49 %, 19206 MiB, 49140 MiB, 281.37 W
2026/08/14 05:24:05.397, NVIDIA GeForce RTX 4090, 56 %, 19206 MiB, 49140 MiB, 280.45 W
2026/08/14 05:24:06.397, NVIDIA GeForce RTX 4090, 72 %, 19206 MiB, 49140 MiB, 284.58 W
2026/08/14 05:24:07.397, NVIDIA GeForce RTX 4090, 59 %, 19206 MiB, 49140 MiB, 302.84 W
2026/08/14 05:24:08.397, NVIDIA GeForce RTX 4090, 39 %, 19206 MiB, 49140 MiB, 287.80 W
2026/08/14 05:24:09.397, NVIDIA GeForce RTX 4090, 27 %, 19206 MiB, 49140 MiB, 273.65 W
2026/08/14 05:24:10.397, NVIDIA GeForce RTX 4090, 41 %, 19206 MiB, 49140 MiB, 269.93 W
2026/08/14 05:24:11.398, NVIDIA GeForce RTX 4090, 43 %, 19206 MiB, 49140 MiB, 280.62 W
2026/08/14 05:24:12.398, NVIDIA GeForce RTX 4090, 70 %, 19206 MiB, 49140 MiB, 294.89 W
2026/08/14 05:24:13.398, NVIDIA GeForce RTX 4090, 57 %, 19206 MiB, 49140 MiB, 313.95 W
2026/08/14 05:24:14.398, NVIDIA GeForce RTX 4090, 40 %, 19206 MiB, 49140 MiB, 279.28 W
2026/08/14 05:24:15.399, NVIDIA GeForce RTX 4090, 38 %, 19206 MiB, 49140 MiB, 277.62 W
2026/08/14 05:24:16.399, NVIDIA GeForce RTX 4090, 43 %, 19206 MiB, 49140 MiB, 286.16 W
2026/08/14 05:24:17.399, NVIDIA GeForce RTX 4090, 49 %, 19206 MiB, 49140 MiB, 286.02 W
2026/08/14 05:24:18.399, NVIDIA GeForce RTX 4090, 93 %, 19206 MiB, 49140 MiB, 302.06 W
2026/08/14 05:24:19.400, NVIDIA GeForce RTX 4090, 56 %, 19206 MiB, 49140 MiB, 294.70 W
2026/08/14 05:24:20.400, NVIDIA GeForce RTX 4090, 32 %, 19206 MiB, 49140 MiB, 289.69 W
2026/08/14 05:24:21.400, NVIDIA GeForce RTX 4090, 40 %, 19206 MiB, 49140 MiB, 279.64 W
2026/08/14 05:24:22.400, NVIDIA GeForce RTX 4090, 40 %, 19206 MiB, 49140 MiB, 281.05 W
2026/08/14 05:24:23.401, NVIDIA GeForce RTX 4090, 69 %, 19206 MiB, 49140 MiB, 292.40 W
2026/08/14 05:24:24.401, NVIDIA GeForce RTX 4090, 61 %, 19206 MiB, 49140 MiB, 302.92 W
2026/08/14 05:24:25.401, NVIDIA GeForce RTX 4090, 32 %, 19206 MiB, 49140 MiB, 286.27 W
2026/08/14 05:24:26.401, NVIDIA GeForce RTX 4090, 38 %, 19206 MiB, 49140 MiB, 270.38 W
2026/08/14 05:24:27.402, NVIDIA GeForce RTX 4090, 100 %, 19206 MiB, 49140 MiB, 347.87 W
2026/08/14 05:24:28.402, NVIDIA GeForce RTX 4090, 0 %, 19206 MiB, 49140 MiB, 158.59 W
2026/08/14 05:24:29.402, NVIDIA GeForce RTX 4090, 0 %, 19206 MiB, 49140 MiB, 105.96 W
2026/08/14 05:24:30.402, NVIDIA GeForce RTX 4090, 40 %, 19206 MiB, 49140 MiB, 189.43 W
2026/08/14 05:24:31.403, NVIDIA GeForce RTX 4090, 40 %, 19206 MiB, 49140 MiB, 268.17 W
2026/08/14 05:24:32.403, NVIDIA GeForce RTX 4090, 43 %, 19206 MiB, 49140 MiB, 261.45 W
2026/08/14 05:24:33.403, NVIDIA GeForce RTX 4090, 55 %, 19206 MiB, 49140 MiB, 281.33 W
2026/08/14 05:24:34.404, NVIDIA GeForce RTX 4090, 69 %, 19206 MiB, 49140 MiB, 277.67 W
2026/08/14 05:24:35.404, NVIDIA GeForce RTX 4090, 68 %, 19206 MiB, 49140 MiB, 269.24 W
2026/08/14 05:24:36.404, NVIDIA GeForce RTX 4090, 90 %, 19206 MiB, 49140 MiB, 277.19 W
2026/08/14 05:24:37.404, NVIDIA GeForce RTX 4090, 47 %, 19206 MiB, 49140 MiB, 278.62 W
2026/08/14 05:24:38.405, NVIDIA GeForce RTX 4090, 78 %, 19206 MiB, 49140 MiB, 294.49 W
2026/08/14 05:24:39.405, NVIDIA GeForce RTX 4090, 87 %, 19206 MiB, 49140 MiB, 310.05 W
2026/08/14 05:24:40.405, NVIDIA GeForce RTX 4090, 43 %, 19206 MiB, 49140 MiB, 289.01 W
2026/08/14 05:24:41.405, NVIDIA GeForce RTX 4090, 37 %, 19206 MiB, 49140 MiB, 268.12 W
2026/08/14 05:24:42.406, NVIDIA GeForce RTX 4090, 55 %, 19206 MiB, 49140 MiB, 281.62 W
2026/08/14 05:24:43.406, NVIDIA GeForce RTX 4090, 49 %, 19206 MiB, 49140 MiB, 280.14 W
2026/08/14 05:24:44.406, NVIDIA GeForce RTX 4090, 78 %, 19206 MiB, 49140 MiB, 291.15 W
2026/08/14 05:24:45.406, NVIDIA GeForce RTX 4090, 93 %, 19206 MiB, 49140 MiB, 294.34 W
2026/08/14 05:24:46.406, NVIDIA GeForce RTX 4090, 65 %, 19206 MiB, 49140 MiB, 302.92 W
2026/08/14 05:24:47.407, NVIDIA GeForce RTX 4090, 39 %, 19206 MiB, 49140 MiB, 283.97 W
2026/08/14 05:24:48.407, NVIDIA GeForce RTX 4090, 40 %, 19206 MiB, 49140 MiB, 271.90 W
2026/08/14 05:24:49.407, NVIDIA GeForce RTX 4090, 40 %, 19206 MiB, 49140 MiB, 270.58 W
2026/08/14 05:24:50.407, NVIDIA GeForce RTX 4090, 46 %, 19206 MiB, 49140 MiB, 276.23 W
2026/08/14 05:24:51.407, NVIDIA GeForce RTX 4090, 83 %, 19206 MiB, 49140 MiB, 282.75 W
2026/08/14 05:24:52.408, NVIDIA GeForce RTX 4090, 67 %, 19206 MiB, 49140 MiB, 313.27 W
2026/08/14 05:24:53.408, NVIDIA GeForce RTX 4090, 31 %, 19206 MiB, 49140 MiB, 281.90 W
2026/08/14 05:24:54.408, NVIDIA GeForce RTX 4090, 42 %, 19206 MiB, 49140 MiB, 269.85 W
2026/08/14 05:24:55.408, NVIDIA GeForce RTX 4090, 47 %, 19206 MiB, 49140 MiB, 279.78 W
2026/08/14 05:24:56.408, NVIDIA GeForce RTX 4090, 63 %, 19206 MiB, 49140 MiB, 285.69 W
2026/08/14 05:24:57.409, NVIDIA GeForce RTX 4090, 98 %, 19206 MiB, 49140 MiB, 298.92 W
2026/08/14 05:24:58.409, NVIDIA GeForce RTX 4090, 68 %, 19206 MiB, 49140 MiB, 300.14 W
2026/08/14 05:24:59.409, NVIDIA GeForce RTX 4090, 38 %, 19206 MiB, 49140 MiB, 284.48 W
2026/08/14 05:25:00.409, NVIDIA GeForce RTX 4090, 36 %, 19206 MiB, 49140 MiB, 282.28 W
2026/08/14 05:25:01.409, NVIDIA GeForce RTX 4090, 78 %, 19206 MiB, 49140 MiB, 301.63 W
2026/08/14 05:25:02.410, NVIDIA GeForce RTX 4090, 72 %, 19206 MiB, 49140 MiB, 322.18 W
2026/08/14 05:25:03.410, NVIDIA GeForce RTX 4090, 38 %, 19206 MiB, 49140 MiB, 287.12 W
2026/08/14 05:25:04.410, NVIDIA GeForce RTX 4090, 63 %, 19206 MiB, 49140 MiB, 280.73 W
2026/08/14 05:25:05.410, NVIDIA GeForce RTX 4090, 83 %, 19206 MiB, 49140 MiB, 310.07 W
2026/08/14 05:25:06.411, NVIDIA GeForce RTX 4090, 88 %, 19206 MiB, 49140 MiB, 301.45 W
2026/08/14 05:25:07.411, NVIDIA GeForce RTX 4090, 47 %, 19206 MiB, 49140 MiB, 299.61 W
2026/08/14 05:25:08.411, NVIDIA GeForce RTX 4090, 42 %, 19206 MiB, 49140 MiB, 287.87 W
2026/08/14 05:25:09.411, NVIDIA GeForce RTX 4090, 49 %, 19206 MiB, 49140 MiB, 278.63 W
2026/08/14 05:25:10.411, NVIDIA GeForce RTX 4090, 78 %, 19206 MiB, 49140 MiB, 290.30 W
2026/08/14 05:25:11.411, NVIDIA GeForce RTX 4090, 86 %, 19206 MiB, 49140 MiB, 313.32 W
2026/08/14 05:25:12.412, NVIDIA GeForce RTX 4090, 100 %, 19206 MiB, 49140 MiB, 339.27 W
2026/08/14 05:25:13.412, NVIDIA GeForce RTX 4090, 81 %, 19206 MiB, 49140 MiB, 338.74 W
2026/08/14 05:25:14.412, NVIDIA GeForce RTX 4090, 98 %, 19206 MiB, 49140 MiB, 303.87 W
2026/08/14 05:25:15.483, NVIDIA GeForce RTX 4090, 53 %, 19206 MiB, 49140 MiB, 293.26 W
2026/08/14 05:25:16.483, NVIDIA GeForce RTX 4090, 43 %, 19206 MiB, 49140 MiB, 278.58 W
2026/08/14 05:25:17.484, NVIDIA GeForce RTX 4090, 40 %, 19206 MiB, 49140 MiB, 277.05 W
2026/08/14 05:25:18.484, NVIDIA GeForce RTX 4090, 64 %, 19206 MiB, 49140 MiB, 290.29 W
2026/08/14 05:25:19.484, NVIDIA GeForce RTX 4090, 90 %, 19206 MiB, 49140 MiB, 296.66 W
2026/08/14 05:25:20.484, NVIDIA GeForce RTX 4090, 45 %, 19206 MiB, 49140 MiB, 311.51 W
2026/08/14 05:25:21.485, NVIDIA GeForce RTX 4090, 35 %, 19206 MiB, 49140 MiB, 277.97 W
2026/08/14 05:25:22.485, NVIDIA GeForce RTX 4090, 39 %, 19206 MiB, 49140 MiB, 278.19 W
2026/08/14 05:25:23.485, NVIDIA GeForce RTX 4090, 47 %, 19206 MiB, 49140 MiB, 279.99 W
2026/08/14 05:25:24.485, NVIDIA GeForce RTX 4090, 78 %, 19206 MiB, 49140 MiB, 296.48 W
2026/08/14 05:25:25.486, NVIDIA GeForce RTX 4090, 86 %, 19206 MiB, 49140 MiB, 306.00 W
2026/08/14 05:25:26.486, NVIDIA GeForce RTX 4090, 43 %, 19206 MiB, 49140 MiB, 291.97 W
2026/08/14 05:25:27.486, NVIDIA GeForce RTX 4090, 37 %, 19206 MiB, 49140 MiB, 270.39 W
2026/08/14 05:25:28.486, NVIDIA GeForce RTX 4090, 39 %, 19206 MiB, 49140 MiB, 282.73 W
2026/08/14 05:25:29.486, NVIDIA GeForce RTX 4090, 49 %, 19206 MiB, 49140 MiB, 275.35 W
2026/08/14 05:25:30.486, NVIDIA GeForce RTX 4090, 78 %, 19206 MiB, 49140 MiB, 291.55 W
2026/08/14 05:25:31.487, NVIDIA GeForce RTX 4090, 88 %, 19206 MiB, 49140 MiB, 315.90 W
2026/08/14 05:25:32.487, NVIDIA GeForce RTX 4090, 50 %, 19206 MiB, 49140 MiB, 304.38 W
2026/08/14 05:25:33.487, NVIDIA GeForce RTX 4090, 42 %, 19206 MiB, 49140 MiB, 281.10 W
2026/08/14 05:25:34.487, NVIDIA GeForce RTX 4090, 49 %, 19206 MiB, 49140 MiB, 276.32 W
2026/08/14 05:25:35.487, NVIDIA GeForce RTX 4090, 80 %, 19206 MiB, 49140 MiB, 288.60 W
2026/08/14 05:25:36.488, NVIDIA GeForce RTX 4090, 80 %, 19206 MiB, 49140 MiB, 314.09 W
2026/08/14 05:25:37.488, NVIDIA GeForce RTX 4090, 35 %, 19206 MiB, 49140 MiB, 305.03 W
2026/08/14 05:25:38.488, NVIDIA GeForce RTX 4090, 38 %, 19206 MiB, 49140 MiB, 278.95 W
2026/08/14 05:25:39.488, NVIDIA GeForce RTX 4090, 49 %, 19206 MiB, 49140 MiB, 273.64 W
2026/08/14 05:25:40.489, NVIDIA GeForce RTX 4090, 83 %, 19206 MiB, 49140 MiB, 288.39 W
2026/08/14 05:25:41.489, NVIDIA GeForce RTX 4090, 79 %, 19206 MiB, 49140 MiB, 301.71 W
2026/08/14 05:25:42.489, NVIDIA GeForce RTX 4090, 53 %, 19206 MiB, 49140 MiB, 297.59 W
2026/08/14 05:25:43.489, NVIDIA GeForce RTX 4090, 45 %, 19206 MiB, 49140 MiB, 279.82 W
2026/08/14 05:25:44.489, NVIDIA GeForce RTX 4090, 39 %, 19206 MiB, 49140 MiB, 279.66 W
2026/08/14 05:25:45.489, NVIDIA GeForce RTX 4090, 63 %, 19206 MiB, 49140 MiB, 295.19 W
2026/08/14 05:25:46.490, NVIDIA GeForce RTX 4090, 86 %, 19206 MiB, 49140 MiB, 296.74 W
2026/08/14 05:25:47.490, NVIDIA GeForce RTX 4090, 75 %, 19206 MiB, 49140 MiB, 303.44 W
2026/08/14 05:25:48.490, NVIDIA GeForce RTX 4090, 36 %, 19206 MiB, 49140 MiB, 291.81 W
2026/08/14 05:25:49.491, NVIDIA GeForce RTX 4090, 38 %, 19206 MiB, 49140 MiB, 281.35 W
2026/08/14 05:25:50.491, NVIDIA GeForce RTX 4090, 76 %, 19206 MiB, 49140 MiB, 301.43 W
2026/08/14 05:25:51.491, NVIDIA GeForce RTX 4090, 77 %, 19206 MiB, 49140 MiB, 301.89 W
2026/08/14 05:25:52.491, NVIDIA GeForce RTX 4090, 55 %, 19206 MiB, 49140 MiB, 292.62 W
2026/08/14 05:25:53.492, NVIDIA GeForce RTX 4090, 50 %, 19206 MiB, 49140 MiB, 280.58 W
2026/08/14 05:25:54.492, NVIDIA GeForce RTX 4090, 48 %, 19206 MiB, 49140 MiB, 287.45 W
2026/08/14 05:25:55.492, NVIDIA GeForce RTX 4090, 0 %, 19206 MiB, 49140 MiB, 343.63 W
2026/08/14 05:25:56.493, NVIDIA GeForce RTX 4090, 0 %, 19206 MiB, 49140 MiB, 107.89 W
2026/08/14 05:25:57.493, NVIDIA GeForce RTX 4090, 0 %, 19206 MiB, 49140 MiB, 101.43 W
2026/08/14 05:25:58.493, NVIDIA GeForce RTX 4090, 42 %, 19206 MiB, 49140 MiB, 171.71 W
2026/08/14 05:25:59.494, NVIDIA GeForce RTX 4090, 26 %, 19206 MiB, 49140 MiB, 262.13 W
2026/08/14 05:26:00.494, NVIDIA GeForce RTX 4090, 48 %, 19206 MiB, 49140 MiB, 276.44 W
2026/08/14 05:26:01.494, NVIDIA GeForce RTX 4090, 78 %, 19206 MiB, 49140 MiB, 301.36 W
2026/08/14 05:26:02.495, NVIDIA GeForce RTX 4090, 87 %, 19206 MiB, 49140 MiB, 304.59 W
2026/08/14 05:26:03.495, NVIDIA GeForce RTX 4090, 42 %, 19206 MiB, 49140 MiB, 285.92 W
2026/08/14 05:26:04.495, NVIDIA GeForce RTX 4090, 45 %, 19206 MiB, 49140 MiB, 286.38 W
2026/08/14 05:26:05.495, NVIDIA GeForce RTX 4090, 63 %, 19206 MiB, 49140 MiB, 284.91 W
2026/08/14 05:26:06.496, NVIDIA GeForce RTX 4090, 73 %, 19206 MiB, 49140 MiB, 305.97 W
2026/08/14 05:26:07.496, NVIDIA GeForce RTX 4090, 51 %, 19206 MiB, 49140 MiB, 298.15 W
2026/08/14 05:26:08.496, NVIDIA GeForce RTX 4090, 35 %, 19206 MiB, 49140 MiB, 279.01 W
2026/08/14 05:26:09.496, NVIDIA GeForce RTX 4090, 50 %, 19206 MiB, 49140 MiB, 282.42 W
2026/08/14 05:26:10.497, NVIDIA GeForce RTX 4090, 75 %, 19206 MiB, 49140 MiB, 292.92 W
2026/08/14 05:26:11.497, NVIDIA GeForce RTX 4090, 93 %, 19206 MiB, 49140 MiB, 312.97 W
2026/08/14 05:26:12.497, NVIDIA GeForce RTX 4090, 38 %, 19206 MiB, 49140 MiB, 300.27 W
2026/08/14 05:26:13.497, NVIDIA GeForce RTX 4090, 41 %, 19206 MiB, 49140 MiB, 283.68 W
2026/08/14 05:26:14.498, NVIDIA GeForce RTX 4090, 46 %, 19206 MiB, 49140 MiB, 276.24 W
2026/08/14 05:26:15.498, NVIDIA GeForce RTX 4090, 75 %, 19206 MiB, 49140 MiB, 290.85 W
2026/08/14 05:26:16.498, NVIDIA GeForce RTX 4090, 90 %, 19206 MiB, 49140 MiB, 305.27 W
2026/08/14 05:26:17.498, NVIDIA GeForce RTX 4090, 78 %, 19206 MiB, 49140 MiB, 300.39 W
2026/08/14 05:26:18.498, NVIDIA GeForce RTX 4090, 45 %, 19206 MiB, 49140 MiB, 299.06 W
2026/08/14 05:26:19.499, NVIDIA GeForce RTX 4090, 62 %, 19206 MiB, 49140 MiB, 285.72 W
2026/08/14 05:26:20.499, NVIDIA GeForce RTX 4090, 72 %, 19206 MiB, 49140 MiB, 293.47 W
2026/08/14 05:26:21.499, NVIDIA GeForce RTX 4090, 53 %, 19206 MiB, 49140 MiB, 311.15 W
2026/08/14 05:26:22.499, NVIDIA GeForce RTX 4090, 27 %, 19206 MiB, 49140 MiB, 275.30 W
2026/08/14 05:26:23.499, NVIDIA GeForce RTX 4090, 40 %, 19206 MiB, 49140 MiB, 268.88 W
2026/08/14 05:26:24.500, NVIDIA GeForce RTX 4090, 49 %, 19206 MiB, 49140 MiB, 278.38 W
2026/08/14 05:26:25.500, NVIDIA GeForce RTX 4090, 48 %, 19206 MiB, 49140 MiB, 276.90 W
2026/08/14 05:26:26.500, NVIDIA GeForce RTX 4090, 69 %, 19206 MiB, 49140 MiB, 300.80 W
2026/08/14 05:26:27.500, NVIDIA GeForce RTX 4090, 62 %, 19206 MiB, 49140 MiB, 302.94 W
2026/08/14 05:26:28.500, NVIDIA GeForce RTX 4090, 42 %, 19206 MiB, 49140 MiB, 281.40 W
2026/08/14 05:26:29.501, NVIDIA GeForce RTX 4090, 38 %, 19206 MiB, 49140 MiB, 276.74 W
2026/08/14 05:26:30.501, NVIDIA GeForce RTX 4090, 51 %, 19206 MiB, 49140 MiB, 272.36 W
2026/08/14 05:26:31.501, NVIDIA GeForce RTX 4090, 68 %, 19206 MiB, 49140 MiB, 284.55 W
2026/08/14 05:26:32.505, NVIDIA GeForce RTX 4090, 69 %, 19206 MiB, 49140 MiB, 294.92 W
2026/08/14 05:26:33.506, NVIDIA GeForce RTX 4090, 87 %, 19206 MiB, 49140 MiB, 289.96 W
2026/08/14 05:26:34.506, NVIDIA GeForce RTX 4090, 40 %, 19206 MiB, 49140 MiB, 277.73 W
2026/08/14 05:26:35.506, NVIDIA GeForce RTX 4090, 47 %, 19206 MiB, 49140 MiB, 274.33 W
2026/08/14 05:26:36.506, NVIDIA GeForce RTX 4090, 54 %, 19206 MiB, 49140 MiB, 277.56 W
2026/08/14 05:26:37.506, NVIDIA GeForce RTX 4090, 63 %, 19206 MiB, 49140 MiB, 282.33 W
2026/08/14 05:26:38.507, NVIDIA GeForce RTX 4090, 80 %, 19206 MiB, 49140 MiB, 294.04 W
2026/08/14 05:26:39.507, NVIDIA GeForce RTX 4090, 54 %, 19206 MiB, 49140 MiB, 297.26 W
2026/08/14 05:26:40.507, NVIDIA GeForce RTX 4090, 100 %, 19206 MiB, 49140 MiB, 310.82 W
2026/08/14 05:26:41.507, NVIDIA GeForce RTX 4090, 46 %, 19206 MiB, 49140 MiB, 312.55 W
2026/08/14 05:26:42.507, NVIDIA GeForce RTX 4090, 74 %, 19206 MiB, 49140 MiB, 286.51 W
2026/08/14 05:26:43.507, NVIDIA GeForce RTX 4090, 68 %, 19206 MiB, 49140 MiB, 282.23 W
2026/08/14 05:26:44.507, NVIDIA GeForce RTX 4090, 31 %, 19206 MiB, 49140 MiB, 294.74 W
2026/08/14 05:26:45.508, NVIDIA GeForce RTX 4090, 31 %, 19206 MiB, 49140 MiB, 280.33 W
2026/08/14 05:26:46.508, NVIDIA GeForce RTX 4090, 41 %, 19206 MiB, 49140 MiB, 268.39 W
2026/08/14 05:26:47.508, NVIDIA GeForce RTX 4090, 45 %, 19206 MiB, 49140 MiB, 280.10 W
2026/08/14 05:26:48.508, NVIDIA GeForce RTX 4090, 62 %, 19206 MiB, 49140 MiB, 288.19 W
2026/08/14 05:26:49.508, NVIDIA GeForce RTX 4090, 71 %, 19206 MiB, 49140 MiB, 292.57 W
2026/08/14 05:26:50.583, NVIDIA GeForce RTX 4090, 90 %, 19206 MiB, 49140 MiB, 304.00 W
2026/08/14 05:26:51.584, NVIDIA GeForce RTX 4090, 39 %, 19206 MiB, 49140 MiB, 295.23 W
2026/08/14 05:26:52.584, NVIDIA GeForce RTX 4090, 51 %, 19206 MiB, 49140 MiB, 275.90 W
2026/08/14 05:26:53.584, NVIDIA GeForce RTX 4090, 49 %, 19206 MiB, 49140 MiB, 279.64 W
2026/08/14 05:26:54.584, NVIDIA GeForce RTX 4090, 62 %, 19206 MiB, 49140 MiB, 288.53 W
2026/08/14 05:26:55.584, NVIDIA GeForce RTX 4090, 69 %, 19206 MiB, 49140 MiB, 290.90 W
2026/08/14 05:26:56.585, NVIDIA GeForce RTX 4090, 75 %, 19206 MiB, 49140 MiB, 307.89 W
2026/08/14 05:26:57.585, NVIDIA GeForce RTX 4090, 40 %, 19206 MiB, 49140 MiB, 285.90 W
2026/08/14 05:26:58.585, NVIDIA GeForce RTX 4090, 38 %, 19206 MiB, 49140 MiB, 273.66 W
2026/08/14 05:26:59.585, NVIDIA GeForce RTX 4090, 46 %, 19206 MiB, 49140 MiB, 282.54 W
2026/08/14 05:27:00.586, NVIDIA GeForce RTX 4090, 58 %, 19206 MiB, 49140 MiB, 289.79 W
2026/08/14 05:27:01.586, NVIDIA GeForce RTX 4090, 92 %, 19206 MiB, 49140 MiB, 300.67 W
2026/08/14 05:27:02.586, NVIDIA GeForce RTX 4090, 43 %, 19206 MiB, 49140 MiB, 294.55 W
2026/08/14 05:27:03.586, NVIDIA GeForce RTX 4090, 40 %, 19206 MiB, 49140 MiB, 280.00 W
2026/08/14 05:27:04.587, NVIDIA GeForce RTX 4090, 45 %, 19206 MiB, 49140 MiB, 280.23 W
2026/08/14 05:27:05.587, NVIDIA GeForce RTX 4090, 59 %, 19206 MiB, 49140 MiB, 283.61 W
2026/08/14 05:27:06.587, NVIDIA GeForce RTX 4090, 71 %, 19206 MiB, 49140 MiB, 297.33 W
2026/08/14 05:27:07.587, NVIDIA GeForce RTX 4090, 88 %, 19206 MiB, 49140 MiB, 288.23 W
2026/08/14 05:27:08.588, NVIDIA GeForce RTX 4090, 39 %, 19206 MiB, 49140 MiB, 294.32 W
2026/08/14 05:27:09.588, NVIDIA GeForce RTX 4090, 42 %, 19206 MiB, 49140 MiB, 273.41 W
2026/08/14 05:27:10.588, NVIDIA GeForce RTX 4090, 54 %, 19206 MiB, 49140 MiB, 281.09 W
2026/08/14 05:27:11.588, NVIDIA GeForce RTX 4090, 58 %, 19206 MiB, 49140 MiB, 283.28 W
2026/08/14 05:27:12.588, NVIDIA GeForce RTX 4090, 55 %, 19206 MiB, 49140 MiB, 279.58 W
2026/08/14 05:27:13.588, NVIDIA GeForce RTX 4090, 67 %, 19206 MiB, 49140 MiB, 283.43 W
2026/08/14 05:27:14.588, NVIDIA GeForce RTX 4090, 87 %, 19206 MiB, 49140 MiB, 291.30 W
2026/08/14 05:27:15.589, NVIDIA GeForce RTX 4090, 51 %, 19206 MiB, 49140 MiB, 285.90 W
2026/08/14 05:27:16.589, NVIDIA GeForce RTX 4090, 31 %, 19206 MiB, 49140 MiB, 270.10 W
2026/08/14 05:27:17.589, NVIDIA GeForce RTX 4090, 47 %, 19206 MiB, 49140 MiB, 272.37 W
2026/08/14 05:27:18.589, NVIDIA GeForce RTX 4090, 51 %, 19206 MiB, 49140 MiB, 273.65 W
2026/08/14 05:27:19.590, NVIDIA GeForce RTX 4090, 56 %, 19206 MiB, 49140 MiB, 281.58 W
2026/08/14 05:27:20.590, NVIDIA GeForce RTX 4090, 67 %, 19206 MiB, 49140 MiB, 289.27 W
2026/08/14 05:27:21.590, NVIDIA GeForce RTX 4090, 89 %, 19206 MiB, 49140 MiB, 292.20 W
2026/08/14 05:27:22.590, NVIDIA GeForce RTX 4090, 40 %, 19206 MiB, 49140 MiB, 294.85 W
2026/08/14 05:27:23.591, NVIDIA GeForce RTX 4090, 44 %, 19206 MiB, 49140 MiB, 275.57 W
2026/08/14 05:27:24.591, NVIDIA GeForce RTX 4090, 100 %, 19206 MiB, 49140 MiB, 349.83 W
2026/08/14 05:27:25.591, NVIDIA GeForce RTX 4090, 0 %, 19206 MiB, 49140 MiB, 141.35 W
2026/08/14 05:27:26.592, NVIDIA GeForce RTX 4090, 0 %, 19206 MiB, 49140 MiB, 104.67 W
2026/08/14 05:27:27.592, NVIDIA GeForce RTX 4090, 41 %, 19206 MiB, 49140 MiB, 150.46 W
2026/08/14 05:27:28.592, NVIDIA GeForce RTX 4090, 40 %, 19206 MiB, 49140 MiB, 273.10 W
2026/08/14 05:27:29.592, NVIDIA GeForce RTX 4090, 38 %, 19206 MiB, 49140 MiB, 271.96 W
2026/08/14 05:27:30.593, NVIDIA GeForce RTX 4090, 49 %, 19206 MiB, 49140 MiB, 271.63 W
2026/08/14 05:27:31.593, NVIDIA GeForce RTX 4090, 66 %, 19206 MiB, 49140 MiB, 282.18 W
2026/08/14 05:27:32.593, NVIDIA GeForce RTX 4090, 52 %, 19206 MiB, 49140 MiB, 265.54 W
2026/08/14 05:27:33.593, NVIDIA GeForce RTX 4090, 57 %, 19206 MiB, 49140 MiB, 268.91 W
2026/08/14 05:27:34.594, NVIDIA GeForce RTX 4090, 57 %, 19206 MiB, 49140 MiB, 287.07 W
2026/08/14 05:27:35.594, NVIDIA GeForce RTX 4090, 89 %, 19206 MiB, 49140 MiB, 291.17 W
2026/08/14 05:27:36.594, NVIDIA GeForce RTX 4090, 44 %, 19206 MiB, 49140 MiB, 278.09 W
2026/08/14 05:27:37.594, NVIDIA GeForce RTX 4090, 42 %, 19206 MiB, 49140 MiB, 270.72 W
2026/08/14 05:27:38.595, NVIDIA GeForce RTX 4090, 53 %, 19206 MiB, 49140 MiB, 281.64 W
2026/08/14 05:27:39.595, NVIDIA GeForce RTX 4090, 52 %, 19206 MiB, 49140 MiB, 280.24 W
2026/08/14 05:27:40.595, NVIDIA GeForce RTX 4090, 71 %, 19206 MiB, 49140 MiB, 298.67 W
2026/08/14 05:27:41.595, NVIDIA GeForce RTX 4090, 82 %, 19206 MiB, 49140 MiB, 298.48 W
2026/08/14 05:27:42.596, NVIDIA GeForce RTX 4090, 45 %, 19206 MiB, 49140 MiB, 285.41 W
2026/08/14 05:27:43.596, NVIDIA GeForce RTX 4090, 40 %, 19206 MiB, 49140 MiB, 277.13 W
2026/08/14 05:27:44.596, NVIDIA GeForce RTX 4090, 49 %, 19206 MiB, 49140 MiB, 277.74 W
2026/08/14 05:27:45.596, NVIDIA GeForce RTX 4090, 55 %, 19206 MiB, 49140 MiB, 274.75 W
2026/08/14 05:27:46.597, NVIDIA GeForce RTX 4090, 54 %, 19206 MiB, 49140 MiB, 280.38 W
2026/08/14 05:27:47.597, NVIDIA GeForce RTX 4090, 87 %, 19206 MiB, 49140 MiB, 319.23 W
2026/08/14 05:27:48.597, NVIDIA GeForce RTX 4090, 42 %, 19206 MiB, 49140 MiB, 277.39 W
2026/08/14 05:27:49.597, NVIDIA GeForce RTX 4090, 38 %, 19206 MiB, 49140 MiB, 271.83 W
2026/08/14 05:27:50.597, NVIDIA GeForce RTX 4090, 46 %, 19206 MiB, 49140 MiB, 272.92 W
2026/08/14 05:27:51.598, NVIDIA GeForce RTX 4090, 45 %, 19206 MiB, 49140 MiB, 288.79 W
2026/08/14 05:27:52.598, NVIDIA GeForce RTX 4090, 57 %, 19206 MiB, 49140 MiB, 307.11 W
2026/08/14 05:27:53.598, NVIDIA GeForce RTX 4090, 37 %, 19206 MiB, 49140 MiB, 276.11 W
2026/08/14 05:27:54.598, NVIDIA GeForce RTX 4090, 37 %, 19206 MiB, 49140 MiB, 275.57 W
2026/08/14 05:27:55.599, NVIDIA GeForce RTX 4090, 49 %, 19206 MiB, 49140 MiB, 276.79 W
2026/08/14 05:27:56.599, NVIDIA GeForce RTX 4090, 46 %, 19206 MiB, 49140 MiB, 278.14 W
2026/08/14 05:27:57.599, NVIDIA GeForce RTX 4090, 72 %, 19206 MiB, 49140 MiB, 289.23 W
2026/08/14 05:27:58.600, NVIDIA GeForce RTX 4090, 88 %, 19206 MiB, 49140 MiB, 286.12 W
2026/08/14 05:27:59.600, NVIDIA GeForce RTX 4090, 89 %, 19206 MiB, 49140 MiB, 299.38 W
2026/08/14 05:28:00.600, NVIDIA GeForce RTX 4090, 44 %, 19206 MiB, 49140 MiB, 271.09 W
2026/08/14 05:28:01.600, NVIDIA GeForce RTX 4090, 44 %, 19206 MiB, 49140 MiB, 273.68 W
2026/08/14 05:28:02.600, NVIDIA GeForce RTX 4090, 55 %, 19206 MiB, 49140 MiB, 273.95 W
2026/08/14 05:28:03.683, NVIDIA GeForce RTX 4090, 71 %, 19206 MiB, 49140 MiB, 302.75 W
2026/08/14 05:28:04.684, NVIDIA GeForce RTX 4090, 90 %, 19206 MiB, 49140 MiB, 286.32 W
2026/08/14 05:28:05.684, NVIDIA GeForce RTX 4090, 36 %, 19206 MiB, 49140 MiB, 280.95 W
2026/08/14 05:28:06.684, NVIDIA GeForce RTX 4090, 38 %, 19206 MiB, 49140 MiB, 274.14 W
2026/08/14 05:28:07.684, NVIDIA GeForce RTX 4090, 46 %, 19206 MiB, 49140 MiB, 283.17 W
2026/08/14 05:28:08.685, NVIDIA GeForce RTX 4090, 73 %, 19206 MiB, 49140 MiB, 288.17 W
2026/08/14 05:28:09.685, NVIDIA GeForce RTX 4090, 88 %, 19206 MiB, 49140 MiB, 292.24 W
2026/08/14 05:28:10.685, NVIDIA GeForce RTX 4090, 100 %, 19206 MiB, 49140 MiB, 301.90 W
2026/08/14 05:28:11.685, NVIDIA GeForce RTX 4090, 40 %, 19206 MiB, 49140 MiB, 341.70 W
2026/08/14 05:28:12.686, NVIDIA GeForce RTX 4090, 52 %, 19206 MiB, 49140 MiB, 279.29 W
2026/08/14 05:28:13.686, NVIDIA GeForce RTX 4090, 74 %, 19206 MiB, 49140 MiB, 285.24 W
2026/08/14 05:28:14.686, NVIDIA GeForce RTX 4090, 89 %, 19206 MiB, 49140 MiB, 305.63 W
2026/08/14 05:28:15.686, NVIDIA GeForce RTX 4090, 37 %, 19206 MiB, 49140 MiB, 288.68 W
2026/08/14 05:28:16.687, NVIDIA GeForce RTX 4090, 36 %, 19206 MiB, 49140 MiB, 279.12 W
2026/08/14 05:28:17.687, NVIDIA GeForce RTX 4090, 51 %, 19206 MiB, 49140 MiB, 286.30 W
2026/08/14 05:28:18.687, NVIDIA GeForce RTX 4090, 62 %, 19206 MiB, 49140 MiB, 281.57 W
2026/08/14 05:28:19.687, NVIDIA GeForce RTX 4090, 94 %, 19206 MiB, 49140 MiB, 300.57 W
2026/08/14 05:28:20.688, NVIDIA GeForce RTX 4090, 55 %, 19206 MiB, 49140 MiB, 305.18 W
2026/08/14 05:28:21.688, NVIDIA GeForce RTX 4090, 43 %, 19206 MiB, 49140 MiB, 295.14 W
2026/08/14 05:28:22.688, NVIDIA GeForce RTX 4090, 52 %, 19206 MiB, 49140 MiB, 280.00 W
2026/08/14 05:28:23.688, NVIDIA GeForce RTX 4090, 74 %, 19206 MiB, 49140 MiB, 287.45 W
2026/08/14 05:28:24.689, NVIDIA GeForce RTX 4090, 57 %, 19206 MiB, 49140 MiB, 308.55 W
2026/08/14 05:28:25.689, NVIDIA GeForce RTX 4090, 37 %, 19206 MiB, 49140 MiB, 285.04 W
2026/08/14 05:28:26.689, NVIDIA GeForce RTX 4090, 41 %, 19206 MiB, 49140 MiB, 281.71 W
2026/08/14 05:28:27.689, NVIDIA GeForce RTX 4090, 65 %, 19206 MiB, 49140 MiB, 282.78 W
2026/08/14 05:28:28.689, NVIDIA GeForce RTX 4090, 74 %, 19206 MiB, 49140 MiB, 298.56 W
2026/08/14 05:28:29.689, NVIDIA GeForce RTX 4090, 85 %, 19206 MiB, 49140 MiB, 292.20 W
2026/08/14 05:28:30.690, NVIDIA GeForce RTX 4090, 54 %, 19206 MiB, 49140 MiB, 298.73 W
2026/08/14 05:28:31.690, NVIDIA GeForce RTX 4090, 30 %, 19206 MiB, 49140 MiB, 275.69 W
2026/08/14 05:28:32.690, NVIDIA GeForce RTX 4090, 40 %, 19206 MiB, 49140 MiB, 267.79 W
2026/08/14 05:28:33.690, NVIDIA GeForce RTX 4090, 39 %, 19206 MiB, 49140 MiB, 273.14 W
2026/08/14 05:28:34.690, NVIDIA GeForce RTX 4090, 35 %, 19206 MiB, 49140 MiB, 270.50 W
2026/08/14 05:28:35.691, NVIDIA GeForce RTX 4090, 59 %, 19206 MiB, 49140 MiB, 282.40 W
2026/08/14 05:28:36.691, NVIDIA GeForce RTX 4090, 93 %, 19206 MiB, 49140 MiB, 302.35 W
2026/08/14 05:28:37.691, NVIDIA GeForce RTX 4090, 55 %, 19206 MiB, 49140 MiB, 299.88 W
2026/08/14 05:28:38.691, NVIDIA GeForce RTX 4090, 37 %, 19206 MiB, 49140 MiB, 276.70 W
2026/08/14 05:28:39.691, NVIDIA GeForce RTX 4090, 39 %, 19206 MiB, 49140 MiB, 282.86 W
2026/08/14 05:28:40.692, NVIDIA GeForce RTX 4090, 38 %, 19206 MiB, 49140 MiB, 273.15 W
2026/08/14 05:28:41.692, NVIDIA GeForce RTX 4090, 74 %, 19206 MiB, 49140 MiB, 299.45 W
2026/08/14 05:28:42.692, NVIDIA GeForce RTX 4090, 89 %, 19206 MiB, 49140 MiB, 320.06 W
2026/08/14 05:28:43.692, NVIDIA GeForce RTX 4090, 41 %, 19206 MiB, 49140 MiB, 293.43 W
2026/08/14 05:28:44.693, NVIDIA GeForce RTX 4090, 41 %, 19206 MiB, 49140 MiB, 278.13 W
2026/08/14 05:28:45.693, NVIDIA GeForce RTX 4090, 51 %, 19206 MiB, 49140 MiB, 282.54 W
2026/08/14 05:28:46.693, NVIDIA GeForce RTX 4090, 74 %, 19206 MiB, 49140 MiB, 290.58 W
2026/08/14 05:28:47.693, NVIDIA GeForce RTX 4090, 91 %, 19206 MiB, 49140 MiB, 306.25 W
2026/08/14 05:28:48.694, NVIDIA GeForce RTX 4090, 57 %, 19206 MiB, 49140 MiB, 297.05 W
2026/08/14 05:28:49.694, NVIDIA GeForce RTX 4090, 33 %, 19206 MiB, 49140 MiB, 277.03 W
2026/08/14 05:28:50.694, NVIDIA GeForce RTX 4090, 43 %, 19206 MiB, 49140 MiB, 273.86 W
2026/08/14 05:28:51.694, NVIDIA GeForce RTX 4090, 51 %, 19206 MiB, 49140 MiB, 280.96 W
2026/08/14 05:28:52.695, NVIDIA GeForce RTX 4090, 74 %, 19206 MiB, 49140 MiB, 290.87 W
2026/08/14 05:28:53.695, NVIDIA GeForce RTX 4090, 99 %, 19206 MiB, 49140 MiB, 307.47 W
2026/08/14 05:28:54.695, NVIDIA GeForce RTX 4090, 0 %, 19206 MiB, 49140 MiB, 276.46 W
2026/08/14 05:28:55.695, NVIDIA GeForce RTX 4090, 0 %, 19206 MiB, 49140 MiB, 106.02 W
2026/08/14 05:28:56.696, NVIDIA GeForce RTX 4090, 0 %, 19206 MiB, 49140 MiB, 97.23 W
2026/08/14 05:28:57.696, NVIDIA GeForce RTX 4090, 0 %, 19206 MiB, 49140 MiB, 89.10 W
2026/08/14 05:28:58.696, NVIDIA GeForce RTX 4090, 0 %, 19206 MiB, 49140 MiB, 88.75 W
2026/08/14 05:28:59.696, NVIDIA GeForce RTX 4090, 0 %, 19206 MiB, 49140 MiB, 87.38 W
2026/08/14 05:29:00.697, NVIDIA GeForce RTX 4090, 0 %, 19206 MiB, 49140 MiB, 87.10 W
2026/08/14 05:29:01.697, NVIDIA GeForce RTX 4090, 0 %, 19206 MiB, 49140 MiB, 86.80 W
2026/08/14 05:29:02.697, NVIDIA GeForce RTX 4090, 0 %, 19206 MiB, 49140 MiB, 86.67 W
2026/08/14 05:29:03.697, NVIDIA GeForce RTX 4090, 0 %, 19206 MiB, 49140 MiB, 86.21 W
2026/08/14 05:29:04.697, NVIDIA GeForce RTX 4090, 0 %, 19206 MiB, 49140 MiB, 85.76 W
2026/08/14 05:29:05.698, NVIDIA GeForce RTX 4090, 0 %, 19206 MiB, 49140 MiB, 86.15 W
2026/08/14 05:29:06.698, NVIDIA GeForce RTX 4090, 0 %, 19206 MiB, 49140 MiB, 86.78 W
2026/08/14 05:29:07.698, NVIDIA GeForce RTX 4090, 0 %, 19206 MiB, 49140 MiB, 86.89 W
2026/08/14 05:29:08.698, NVIDIA GeForce RTX 4090, 0 %, 19206 MiB, 49140 MiB, 86.50 W
2026/08/14 05:29:09.698, NVIDIA GeForce RTX 4090, 0 %, 19206 MiB, 49140 MiB, 85.39 W
2026/08/14 05:29:10.699, NVIDIA GeForce RTX 4090, 0 %, 19206 MiB, 49140 MiB, 84.36 W
2026/08/14 05:29:11.699, NVIDIA GeForce RTX 4090, 0 %, 19206 MiB, 49140 MiB, 84.09 W
2026/08/14 05:29:12.699, NVIDIA GeForce RTX 4090, 0 %, 19206 MiB, 49140 MiB, 83.83 W
2026/08/14 05:29:13.699, NVIDIA GeForce RTX 4090, 0 %, 19206 MiB, 49140 MiB, 83.46 W
