scenario,case,seed,width,height,ddim_steps,ddim_eta,video_length,frame_stride,n_action_steps,exe_steps,n_iter,timestep_spacing,guidance_rescale,expected_frames,baseline_eta_policy,optimized_eta_policy
unitree_g1_pack_camera,case1,123,512,320,50,1.0,16,6,16,16,11,uniform_trailing,0.7,176,constant_1.0,constant_1.0
unitree_g1_pack_camera,case2,123,512,320,50,1.0,16,6,16,16,11,uniform_trailing,0.7,176,constant_1.0,constant_1.0
unitree_g1_pack_camera,case3,123,512,320,50,1.0,16,6,16,16,11,uniform_trailing,0.7,176,constant_1.0,constant_1.0
unitree_g1_pack_camera,case4,123,512,320,50,1.0,16,6,16,16,11,uniform_trailing,0.7,176,constant_1.0,constant_1.0
unitree_z1_dual_arm_cleanup_pencils,case1,123,512,320,50,1.0,16,4,16,16,8,uniform_trailing,0.7,128,constant_1.0,constant_1.0
unitree_z1_dual_arm_cleanup_pencils,case2,123,512,320,50,1.0,16,4,16,16,8,uniform_trailing,0.7,128,constant_1.0,constant_1.0
unitree_z1_dual_arm_cleanup_pencils,case3,123,512,320,50,1.0,16,4,16,16,8,uniform_trailing,0.7,128,constant_1.0,constant_1.0
unitree_z1_dual_arm_cleanup_pencils,case4,123,512,320,50,1.0,16,4,16,16,8,uniform_trailing,0.7,128,constant_1.0,constant_1.0
unitree_z1_dual_arm_stackbox,case1,123,512,320,50,1.0,16,4,16,16,7,uniform_trailing,0.7,112,constant_1.0,constant_1.0
unitree_z1_dual_arm_stackbox,case2,123,512,320,50,1.0,16,4,16,16,7,uniform_trailing,0.7,112,constant_1.0,constant_1.0
unitree_z1_dual_arm_stackbox,case3,123,512,320,50,1.0,16,4,16,16,7,uniform_trailing,0.7,112,constant_1.0,constant_1.0
unitree_z1_dual_arm_stackbox,case4,123,512,320,50,1.0,16,4,16,16,7,uniform_trailing,0.7,112,constant_1.0,constant_1.0
unitree_z1_dual_arm_stackbox_v2,case1,123,512,320,50,1.0,16,4,16,16,11,uniform_trailing,0.7,176,constant_1.0,first3_1.0_then_0.9
unitree_z1_dual_arm_stackbox_v2,case2,123,512,320,50,1.0,16,4,16,16,11,uniform_trailing,0.7,176,constant_1.0,constant_1.0
unitree_z1_dual_arm_stackbox_v2,case3,123,512,320,50,1.0,16,4,16,16,11,uniform_trailing,0.7,176,constant_1.0,constant_1.0
unitree_z1_dual_arm_stackbox_v2,case4,123,512,320,50,1.0,16,4,16,16,11,uniform_trailing,0.7,176,constant_1.0,constant_1.0
unitree_z1_stackbox,case1,123,512,320,50,1.0,16,4,16,16,12,uniform_trailing,0.7,192,constant_1.0,constant_1.0
unitree_z1_stackbox,case2,123,512,320,50,1.0,16,4,16,16,12,uniform_trailing,0.7,192,constant_1.0,constant_1.0
unitree_z1_stackbox,case3,123,512,320,50,1.0,16,4,16,16,12,uniform_trailing,0.7,192,constant_1.0,constant_1.0
unitree_z1_stackbox,case4,123,512,320,50,1.0,16,4,16,16,12,uniform_trailing,0.7,192,constant_1.0,constant_1.0
