timestamp, name, utilization.gpu [%], utilization.memory [%], memory.used [MiB], memory.total [MiB], power.draw [W]
2026/08/04 03:02:11.768, NVIDIA GeForce RTX 4090, 0 %, 0 %, 1 MiB, 49140 MiB, 89.69 W
2026/08/04 03:02:12.772, NVIDIA GeForce RTX 4090, 0 %, 0 %, 1 MiB, 49140 MiB, 89.69 W
2026/08/04 03:02:13.773, NVIDIA GeForce RTX 4090, 0 %, 0 %, 1 MiB, 49140 MiB, 83.35 W
2026/08/04 03:02:14.773, NVIDIA GeForce RTX 4090, 0 %, 0 %, 1 MiB, 49140 MiB, 61.87 W
2026/08/04 03:02:15.774, NVIDIA GeForce RTX 4090, 0 %, 0 %, 1 MiB, 49140 MiB, 37.76 W
2026/08/04 03:02:16.774, NVIDIA GeForce RTX 4090, 0 %, 0 %, 1 MiB, 49140 MiB, 31.32 W
2026/08/04 03:02:17.774, NVIDIA GeForce RTX 4090, 0 %, 0 %, 1 MiB, 49140 MiB, 26.24 W
2026/08/04 03:02:18.775, NVIDIA GeForce RTX 4090, 0 %, 0 %, 1 MiB, 49140 MiB, 23.95 W
2026/08/04 03:02:19.775, NVIDIA GeForce RTX 4090, 0 %, 0 %, 1 MiB, 49140 MiB, 23.17 W
2026/08/04 03:02:20.776, NVIDIA GeForce RTX 4090, 0 %, 0 %, 1 MiB, 49140 MiB, 22.35 W
2026/08/04 03:02:21.776, NVIDIA GeForce RTX 4090, 0 %, 0 %, 4 MiB, 49140 MiB, 20.86 W
2026/08/04 03:02:22.777, NVIDIA GeForce RTX 4090, 0 %, 0 %, 4 MiB, 49140 MiB, 20.34 W
2026/08/04 03:02:23.777, NVIDIA GeForce RTX 4090, 0 %, 0 %, 4 MiB, 49140 MiB, 19.65 W
2026/08/04 03:02:24.778, NVIDIA GeForce RTX 4090, 0 %, 0 %, 4 MiB, 49140 MiB, 19.13 W
2026/08/04 03:02:25.778, NVIDIA GeForce RTX 4090, 0 %, 0 %, 4 MiB, 49140 MiB, 18.70 W
2026/08/04 03:02:26.778, NVIDIA GeForce RTX 4090, 0 %, 0 %, 4 MiB, 49140 MiB, 18.32 W
2026/08/04 03:02:27.779, NVIDIA GeForce RTX 4090, 0 %, 0 %, 4 MiB, 49140 MiB, 17.65 W
2026/08/04 03:02:28.779, NVIDIA GeForce RTX 4090, 0 %, 0 %, 4 MiB, 49140 MiB, 17.42 W
2026/08/04 03:02:29.780, NVIDIA GeForce RTX 4090, 0 %, 0 %, 4 MiB, 49140 MiB, 17.30 W
2026/08/04 03:02:30.780, NVIDIA GeForce RTX 4090, 0 %, 0 %, 4 MiB, 49140 MiB, 17.12 W
2026/08/04 03:02:31.781, NVIDIA GeForce RTX 4090, 0 %, 0 %, 4 MiB, 49140 MiB, 16.99 W
2026/08/04 03:02:32.783, NVIDIA GeForce RTX 4090, 0 %, 0 %, 4 MiB, 49140 MiB, 16.77 W
2026/08/04 03:02:33.783, NVIDIA GeForce RTX 4090, 0 %, 0 %, 4 MiB, 49140 MiB, 16.47 W
2026/08/04 03:02:34.783, NVIDIA GeForce RTX 4090, 0 %, 0 %, 4 MiB, 49140 MiB, 16.24 W
2026/08/04 03:02:35.783, NVIDIA GeForce RTX 4090, 0 %, 0 %, 4 MiB, 49140 MiB, 16.26 W
2026/08/04 03:02:36.784, NVIDIA GeForce RTX 4090, 0 %, 0 %, 4 MiB, 49140 MiB, 16.14 W
2026/08/04 03:02:37.784, NVIDIA GeForce RTX 4090, 0 %, 0 %, 4 MiB, 49140 MiB, 15.85 W
2026/08/04 03:02:38.785, NVIDIA GeForce RTX 4090, 0 %, 0 %, 4 MiB, 49140 MiB, 15.45 W
2026/08/04 03:02:39.785, NVIDIA GeForce RTX 4090, 0 %, 0 %, 4 MiB, 49140 MiB, 15.52 W
2026/08/04 03:02:40.785, NVIDIA GeForce RTX 4090, 0 %, 0 %, 4 MiB, 49140 MiB, 15.61 W
2026/08/04 03:02:41.786, NVIDIA GeForce RTX 4090, 0 %, 0 %, 4 MiB, 49140 MiB, 15.29 W
2026/08/04 03:02:42.786, NVIDIA GeForce RTX 4090, 0 %, 0 %, 4 MiB, 49140 MiB, 15.12 W
2026/08/04 03:02:43.786, NVIDIA GeForce RTX 4090, 0 %, 0 %, 4 MiB, 49140 MiB, 15.02 W
2026/08/04 03:02:44.787, NVIDIA GeForce RTX 4090, 0 %, 0 %, 4 MiB, 49140 MiB, 14.99 W
2026/08/04 03:02:45.787, NVIDIA GeForce RTX 4090, 0 %, 0 %, 4 MiB, 49140 MiB, 14.85 W
2026/08/04 03:02:46.788, NVIDIA GeForce RTX 4090, 0 %, 0 %, 4 MiB, 49140 MiB, 14.64 W
2026/08/04 03:02:47.788, NVIDIA GeForce RTX 4090, 0 %, 0 %, 4 MiB, 49140 MiB, 14.54 W
2026/08/04 03:02:48.788, NVIDIA GeForce RTX 4090, 0 %, 0 %, 4 MiB, 49140 MiB, 14.60 W
2026/08/04 03:02:49.789, NVIDIA GeForce RTX 4090, 0 %, 0 %, 4 MiB, 49140 MiB, 14.52 W
2026/08/04 03:02:50.789, NVIDIA GeForce RTX 4090, 0 %, 0 %, 4 MiB, 49140 MiB, 14.39 W
2026/08/04 03:02:51.789, NVIDIA GeForce RTX 4090, 0 %, 0 %, 4 MiB, 49140 MiB, 14.47 W
2026/08/04 03:02:52.790, NVIDIA GeForce RTX 4090, 0 %, 0 %, 4 MiB, 49140 MiB, 14.49 W
2026/08/04 03:02:53.790, NVIDIA GeForce RTX 4090, 0 %, 0 %, 4 MiB, 49140 MiB, 14.44 W
2026/08/04 03:02:54.791, NVIDIA GeForce RTX 4090, 0 %, 0 %, 4 MiB, 49140 MiB, 14.38 W
2026/08/04 03:02:55.791, NVIDIA GeForce RTX 4090, 0 %, 0 %, 4 MiB, 49140 MiB, 14.27 W
2026/08/04 03:02:56.791, NVIDIA GeForce RTX 4090, 0 %, 0 %, 4 MiB, 49140 MiB, 14.52 W
2026/08/04 03:02:57.791, NVIDIA GeForce RTX 4090, 0 %, 0 %, 4 MiB, 49140 MiB, 14.65 W
2026/08/04 03:02:58.792, NVIDIA GeForce RTX 4090, 0 %, 0 %, 4 MiB, 49140 MiB, 14.61 W
2026/08/04 03:02:59.792, NVIDIA GeForce RTX 4090, 0 %, 0 %, 4 MiB, 49140 MiB, 14.60 W
2026/08/04 03:03:00.793, NVIDIA GeForce RTX 4090, 0 %, 0 %, 4 MiB, 49140 MiB, 14.36 W
2026/08/04 03:03:01.793, NVIDIA GeForce RTX 4090, 0 %, 0 %, 4 MiB, 49140 MiB, 14.41 W
2026/08/04 03:03:02.793, NVIDIA GeForce RTX 4090, 0 %, 0 %, 4 MiB, 49140 MiB, 14.59 W
2026/08/04 03:03:03.793, NVIDIA GeForce RTX 4090, 0 %, 0 %, 4 MiB, 49140 MiB, 14.25 W
2026/08/04 03:03:04.794, NVIDIA GeForce RTX 4090, 0 %, 0 %, 4 MiB, 49140 MiB, 14.00 W
2026/08/04 03:03:05.794, NVIDIA GeForce RTX 4090, 0 %, 0 %, 4 MiB, 49140 MiB, 13.98 W
2026/08/04 03:03:06.794, NVIDIA GeForce RTX 4090, 0 %, 0 %, 4 MiB, 49140 MiB, 14.02 W
2026/08/04 03:03:07.795, NVIDIA GeForce RTX 4090, 0 %, 0 %, 4 MiB, 49140 MiB, 14.21 W
2026/08/04 03:03:08.795, NVIDIA GeForce RTX 4090, 0 %, 0 %, 4 MiB, 49140 MiB, 14.13 W
2026/08/04 03:03:09.796, NVIDIA GeForce RTX 4090, 0 %, 0 %, 4 MiB, 49140 MiB, 14.04 W
2026/08/04 03:03:10.798, NVIDIA GeForce RTX 4090, 0 %, 0 %, 4 MiB, 49140 MiB, 13.94 W
2026/08/04 03:03:11.798, NVIDIA GeForce RTX 4090, 0 %, 0 %, 4 MiB, 49140 MiB, 13.88 W
2026/08/04 03:03:12.798, NVIDIA GeForce RTX 4090, 0 %, 0 %, 4 MiB, 49140 MiB, 13.81 W
2026/08/04 03:03:13.799, NVIDIA GeForce RTX 4090, 0 %, 0 %, 4 MiB, 49140 MiB, 13.69 W
2026/08/04 03:03:14.799, NVIDIA GeForce RTX 4090, 0 %, 0 %, 4 MiB, 49140 MiB, 13.68 W
2026/08/04 03:03:15.799, NVIDIA GeForce RTX 4090, 0 %, 0 %, 4 MiB, 49140 MiB, 13.69 W
2026/08/04 03:03:16.800, NVIDIA GeForce RTX 4090, 0 %, 0 %, 4 MiB, 49140 MiB, 13.80 W
2026/08/04 03:03:17.800, NVIDIA GeForce RTX 4090, 0 %, 0 %, 4 MiB, 49140 MiB, 13.57 W
2026/08/04 03:03:18.804, NVIDIA GeForce RTX 4090, 0 %, 0 %, 4 MiB, 49140 MiB, 13.37 W
2026/08/04 03:03:19.812, NVIDIA GeForce RTX 4090, 0 %, 0 %, 4 MiB, 49140 MiB, 13.47 W
2026/08/04 03:03:20.813, NVIDIA GeForce RTX 4090, 3 %, 0 %, 3412 MiB, 49140 MiB, 17.20 W
2026/08/04 03:03:21.813, NVIDIA GeForce RTX 4090, 29 %, 1 %, 9938 MiB, 49140 MiB, 59.59 W
2026/08/04 03:03:22.813, NVIDIA GeForce RTX 4090, 40 %, 1 %, 16728 MiB, 49140 MiB, 59.88 W
2026/08/04 03:03:23.816, NVIDIA GeForce RTX 4090, 12 %, 8 %, 18998 MiB, 49140 MiB, 65.85 W
2026/08/04 03:03:24.816, NVIDIA GeForce RTX 4090, 67 %, 38 %, 19202 MiB, 49140 MiB, 221.35 W
2026/08/04 03:03:25.816, NVIDIA GeForce RTX 4090, 91 %, 48 %, 19204 MiB, 49140 MiB, 382.83 W
2026/08/04 03:03:26.818, NVIDIA GeForce RTX 4090, 93 %, 40 %, 19204 MiB, 49140 MiB, 397.11 W
2026/08/04 03:03:27.818, NVIDIA GeForce RTX 4090, 96 %, 34 %, 19204 MiB, 49140 MiB, 397.28 W
2026/08/04 03:03:28.818, NVIDIA GeForce RTX 4090, 97 %, 33 %, 19204 MiB, 49140 MiB, 392.84 W
2026/08/04 03:03:29.819, NVIDIA GeForce RTX 4090, 98 %, 38 %, 19204 MiB, 49140 MiB, 397.58 W
2026/08/04 03:03:30.819, NVIDIA GeForce RTX 4090, 99 %, 48 %, 19204 MiB, 49140 MiB, 398.02 W
2026/08/04 03:03:31.820, NVIDIA GeForce RTX 4090, 95 %, 56 %, 19204 MiB, 49140 MiB, 398.24 W
2026/08/04 03:03:32.824, NVIDIA GeForce RTX 4090, 90 %, 50 %, 19204 MiB, 49140 MiB, 396.85 W
2026/08/04 03:03:33.825, NVIDIA GeForce RTX 4090, 91 %, 50 %, 19204 MiB, 49140 MiB, 394.91 W
2026/08/04 03:03:34.825, NVIDIA GeForce RTX 4090, 93 %, 45 %, 19204 MiB, 49140 MiB, 399.75 W
2026/08/04 03:03:35.825, NVIDIA GeForce RTX 4090, 95 %, 35 %, 19204 MiB, 49140 MiB, 399.69 W
2026/08/04 03:03:36.828, NVIDIA GeForce RTX 4090, 97 %, 33 %, 19204 MiB, 49140 MiB, 400.69 W
2026/08/04 03:03:37.832, NVIDIA GeForce RTX 4090, 98 %, 35 %, 19204 MiB, 49140 MiB, 403.15 W
2026/08/04 03:03:38.833, NVIDIA GeForce RTX 4090, 99 %, 44 %, 19204 MiB, 49140 MiB, 404.54 W
2026/08/04 03:03:39.833, NVIDIA GeForce RTX 4090, 99 %, 50 %, 19204 MiB, 49140 MiB, 400.83 W
2026/08/04 03:03:40.836, NVIDIA GeForce RTX 4090, 89 %, 51 %, 19204 MiB, 49140 MiB, 400.50 W
2026/08/04 03:03:41.837, NVIDIA GeForce RTX 4090, 83 %, 47 %, 19204 MiB, 49140 MiB, 399.64 W
2026/08/04 03:03:42.840, NVIDIA GeForce RTX 4090, 91 %, 48 %, 19204 MiB, 49140 MiB, 399.45 W
2026/08/04 03:03:43.844, NVIDIA GeForce RTX 4090, 93 %, 40 %, 19204 MiB, 49140 MiB, 402.86 W
2026/08/04 03:03:44.845, NVIDIA GeForce RTX 4090, 96 %, 34 %, 19204 MiB, 49140 MiB, 403.64 W
2026/08/04 03:03:45.848, NVIDIA GeForce RTX 4090, 96 %, 32 %, 19204 MiB, 49140 MiB, 406.97 W
2026/08/04 03:03:46.849, NVIDIA GeForce RTX 4090, 98 %, 35 %, 19204 MiB, 49140 MiB, 403.26 W
2026/08/04 03:03:47.850, NVIDIA GeForce RTX 4090, 98 %, 44 %, 19204 MiB, 49140 MiB, 403.81 W
2026/08/04 03:03:48.850, NVIDIA GeForce RTX 4090, 96 %, 33 %, 19204 MiB, 49140 MiB, 393.44 W
2026/08/04 03:03:49.850, NVIDIA GeForce RTX 4090, 98 %, 34 %, 19204 MiB, 49140 MiB, 402.87 W
2026/08/04 03:03:50.852, NVIDIA GeForce RTX 4090, 98 %, 36 %, 19206 MiB, 49140 MiB, 405.78 W
2026/08/04 03:03:51.853, NVIDIA GeForce RTX 4090, 99 %, 43 %, 19206 MiB, 49140 MiB, 407.35 W
2026/08/04 03:03:52.853, NVIDIA GeForce RTX 4090, 99 %, 54 %, 19206 MiB, 49140 MiB, 407.54 W
2026/08/04 03:03:53.853, NVIDIA GeForce RTX 4090, 90 %, 53 %, 19206 MiB, 49140 MiB, 403.02 W
2026/08/04 03:03:54.853, NVIDIA GeForce RTX 4090, 85 %, 50 %, 19206 MiB, 49140 MiB, 403.51 W
2026/08/04 03:03:55.856, NVIDIA GeForce RTX 4090, 91 %, 49 %, 19206 MiB, 49140 MiB, 402.00 W
2026/08/04 03:03:56.860, NVIDIA GeForce RTX 4090, 94 %, 42 %, 19206 MiB, 49140 MiB, 406.61 W
2026/08/04 03:03:57.861, NVIDIA GeForce RTX 4090, 96 %, 35 %, 19206 MiB, 49140 MiB, 407.43 W
2026/08/04 03:03:58.861, NVIDIA GeForce RTX 4090, 97 %, 32 %, 19206 MiB, 49140 MiB, 407.17 W
2026/08/04 03:03:59.864, NVIDIA GeForce RTX 4090, 98 %, 35 %, 19206 MiB, 49140 MiB, 406.76 W
2026/08/04 03:04:00.865, NVIDIA GeForce RTX 4090, 99 %, 43 %, 19206 MiB, 49140 MiB, 405.94 W
2026/08/04 03:04:01.865, NVIDIA GeForce RTX 4090, 100 %, 52 %, 19206 MiB, 49140 MiB, 407.87 W
2026/08/04 03:04:02.865, NVIDIA GeForce RTX 4090, 91 %, 51 %, 19206 MiB, 49140 MiB, 405.02 W
2026/08/04 03:04:03.868, NVIDIA GeForce RTX 4090, 88 %, 48 %, 19206 MiB, 49140 MiB, 405.85 W
2026/08/04 03:04:04.869, NVIDIA GeForce RTX 4090, 88 %, 47 %, 19206 MiB, 49140 MiB, 401.61 W
2026/08/04 03:04:05.869, NVIDIA GeForce RTX 4090, 92 %, 45 %, 19206 MiB, 49140 MiB, 400.95 W
2026/08/04 03:04:06.872, NVIDIA GeForce RTX 4090, 92 %, 39 %, 19206 MiB, 49140 MiB, 405.56 W
2026/08/04 03:04:07.876, NVIDIA GeForce RTX 4090, 96 %, 34 %, 19206 MiB, 49140 MiB, 407.64 W
2026/08/04 03:04:08.877, NVIDIA GeForce RTX 4090, 97 %, 32 %, 19206 MiB, 49140 MiB, 406.66 W
2026/08/04 03:04:09.877, NVIDIA GeForce RTX 4090, 98 %, 34 %, 19206 MiB, 49140 MiB, 405.99 W
2026/08/04 03:04:10.877, NVIDIA GeForce RTX 4090, 98 %, 42 %, 19206 MiB, 49140 MiB, 408.32 W
2026/08/04 03:04:11.878, NVIDIA GeForce RTX 4090, 99 %, 51 %, 19206 MiB, 49140 MiB, 408.17 W
2026/08/04 03:04:12.878, NVIDIA GeForce RTX 4090, 0 %, 0 %, 19206 MiB, 49140 MiB, 304.00 W
2026/08/04 03:04:13.878, NVIDIA GeForce RTX 4090, 0 %, 0 %, 19206 MiB, 49140 MiB, 94.16 W
2026/08/04 03:04:14.879, NVIDIA GeForce RTX 4090, 0 %, 0 %, 19206 MiB, 49140 MiB, 87.61 W
2026/08/04 03:04:15.880, NVIDIA GeForce RTX 4090, 56 %, 23 %, 19206 MiB, 49140 MiB, 85.33 W
2026/08/04 03:04:16.883, NVIDIA GeForce RTX 4090, 89 %, 52 %, 19206 MiB, 49140 MiB, 374.48 W
2026/08/04 03:04:17.883, NVIDIA GeForce RTX 4090, 89 %, 51 %, 19206 MiB, 49140 MiB, 401.36 W
2026/08/04 03:04:18.884, NVIDIA GeForce RTX 4090, 91 %, 46 %, 19206 MiB, 49140 MiB, 402.32 W
2026/08/04 03:04:19.888, NVIDIA GeForce RTX 4090, 93 %, 42 %, 19206 MiB, 49140 MiB, 403.15 W
2026/08/04 03:04:20.889, NVIDIA GeForce RTX 4090, 95 %, 35 %, 19206 MiB, 49140 MiB, 406.60 W
2026/08/04 03:04:21.889, NVIDIA GeForce RTX 4090, 96 %, 33 %, 19206 MiB, 49140 MiB, 409.49 W
2026/08/04 03:04:22.889, NVIDIA GeForce RTX 4090, 97 %, 33 %, 19206 MiB, 49140 MiB, 406.57 W
2026/08/04 03:04:23.890, NVIDIA GeForce RTX 4090, 98 %, 36 %, 19206 MiB, 49140 MiB, 402.44 W
2026/08/04 03:04:24.890, NVIDIA GeForce RTX 4090, 98 %, 43 %, 19206 MiB, 49140 MiB, 404.47 W
2026/08/04 03:04:25.891, NVIDIA GeForce RTX 4090, 99 %, 48 %, 19206 MiB, 49140 MiB, 405.13 W
2026/08/04 03:04:26.891, NVIDIA GeForce RTX 4090, 99 %, 54 %, 19206 MiB, 49140 MiB, 406.25 W
2026/08/04 03:04:27.892, NVIDIA GeForce RTX 4090, 89 %, 49 %, 19206 MiB, 49140 MiB, 403.20 W
2026/08/04 03:04:28.896, NVIDIA GeForce RTX 4090, 86 %, 50 %, 19206 MiB, 49140 MiB, 404.02 W
2026/08/04 03:04:29.897, NVIDIA GeForce RTX 4090, 82 %, 47 %, 19206 MiB, 49140 MiB, 400.65 W
2026/08/04 03:04:30.897, NVIDIA GeForce RTX 4090, 89 %, 48 %, 19206 MiB, 49140 MiB, 399.74 W
2026/08/04 03:04:31.898, NVIDIA GeForce RTX 4090, 92 %, 45 %, 19206 MiB, 49140 MiB, 403.51 W
2026/08/04 03:04:32.898, NVIDIA GeForce RTX 4090, 93 %, 40 %, 19206 MiB, 49140 MiB, 402.31 W
2026/08/04 03:04:33.904, NVIDIA GeForce RTX 4090, 95 %, 35 %, 19206 MiB, 49140 MiB, 403.52 W
2026/08/04 03:04:34.905, NVIDIA GeForce RTX 4090, 96 %, 33 %, 19206 MiB, 49140 MiB, 407.52 W
2026/08/04 03:04:35.905, NVIDIA GeForce RTX 4090, 97 %, 32 %, 19206 MiB, 49140 MiB, 407.82 W
2026/08/04 03:04:36.905, NVIDIA GeForce RTX 4090, 97 %, 34 %, 19206 MiB, 49140 MiB, 404.44 W
2026/08/04 03:04:37.906, NVIDIA GeForce RTX 4090, 98 %, 35 %, 19206 MiB, 49140 MiB, 405.31 W
2026/08/04 03:04:38.907, NVIDIA GeForce RTX 4090, 98 %, 42 %, 19206 MiB, 49140 MiB, 404.28 W
2026/08/04 03:04:39.907, NVIDIA GeForce RTX 4090, 99 %, 46 %, 19206 MiB, 49140 MiB, 404.44 W
2026/08/04 03:04:40.908, NVIDIA GeForce RTX 4090, 96 %, 33 %, 19206 MiB, 49140 MiB, 398.05 W
2026/08/04 03:04:41.909, NVIDIA GeForce RTX 4090, 98 %, 33 %, 19206 MiB, 49140 MiB, 406.76 W
2026/08/04 03:04:42.910, NVIDIA GeForce RTX 4090, 97 %, 35 %, 19206 MiB, 49140 MiB, 405.96 W
2026/08/04 03:04:43.910, NVIDIA GeForce RTX 4090, 98 %, 38 %, 19206 MiB, 49140 MiB, 405.17 W
2026/08/04 03:04:44.912, NVIDIA GeForce RTX 4090, 98 %, 45 %, 19206 MiB, 49140 MiB, 405.00 W
2026/08/04 03:04:45.912, NVIDIA GeForce RTX 4090, 99 %, 50 %, 19206 MiB, 49140 MiB, 405.57 W
2026/08/04 03:04:46.916, NVIDIA GeForce RTX 4090, 94 %, 54 %, 19206 MiB, 49140 MiB, 404.22 W
2026/08/04 03:04:47.917, NVIDIA GeForce RTX 4090, 90 %, 54 %, 19206 MiB, 49140 MiB, 405.88 W
2026/08/04 03:04:48.924, NVIDIA GeForce RTX 4090, 88 %, 51 %, 19206 MiB, 49140 MiB, 404.57 W
2026/08/04 03:04:49.925, NVIDIA GeForce RTX 4090, 92 %, 47 %, 19206 MiB, 49140 MiB, 404.16 W
2026/08/04 03:04:50.925, NVIDIA GeForce RTX 4090, 92 %, 50 %, 19206 MiB, 49140 MiB, 391.73 W
2026/08/04 03:04:51.925, NVIDIA GeForce RTX 4090, 89 %, 45 %, 19206 MiB, 49140 MiB, 404.15 W
2026/08/04 03:04:52.928, NVIDIA GeForce RTX 4090, 94 %, 39 %, 19206 MiB, 49140 MiB, 404.91 W
2026/08/04 03:04:53.930, NVIDIA GeForce RTX 4090, 95 %, 35 %, 19206 MiB, 49140 MiB, 406.10 W
2026/08/04 03:04:54.930, NVIDIA GeForce RTX 4090, 96 %, 32 %, 19206 MiB, 49140 MiB, 407.48 W
2026/08/04 03:04:55.930, NVIDIA GeForce RTX 4090, 97 %, 33 %, 19206 MiB, 49140 MiB, 407.10 W
2026/08/04 03:04:56.931, NVIDIA GeForce RTX 4090, 96 %, 34 %, 19206 MiB, 49140 MiB, 405.82 W
2026/08/04 03:04:57.932, NVIDIA GeForce RTX 4090, 99 %, 41 %, 19206 MiB, 49140 MiB, 408.47 W
2026/08/04 03:04:58.936, NVIDIA GeForce RTX 4090, 99 %, 49 %, 19206 MiB, 49140 MiB, 406.14 W
2026/08/04 03:04:59.937, NVIDIA GeForce RTX 4090, 99 %, 54 %, 19206 MiB, 49140 MiB, 408.24 W
2026/08/04 03:05:00.938, NVIDIA GeForce RTX 4090, 87 %, 52 %, 19206 MiB, 49140 MiB, 403.67 W
2026/08/04 03:05:01.938, NVIDIA GeForce RTX 4090, 85 %, 48 %, 19206 MiB, 49140 MiB, 403.44 W
2026/08/04 03:05:02.939, NVIDIA GeForce RTX 4090, 87 %, 48 %, 19206 MiB, 49140 MiB, 402.80 W
2026/08/04 03:05:03.939, NVIDIA GeForce RTX 4090, 91 %, 48 %, 19206 MiB, 49140 MiB, 405.67 W
2026/08/04 03:05:04.940, NVIDIA GeForce RTX 4090, 100 %, 55 %, 19206 MiB, 49140 MiB, 404.57 W
2026/08/04 03:05:05.940, NVIDIA GeForce RTX 4090, 0 %, 0 %, 19206 MiB, 49140 MiB, 249.17 W
2026/08/04 03:05:06.940, NVIDIA GeForce RTX 4090, 0 %, 0 %, 19206 MiB, 49140 MiB, 96.02 W
2026/08/04 03:05:07.944, NVIDIA GeForce RTX 4090, 25 %, 0 %, 19206 MiB, 49140 MiB, 81.86 W
2026/08/04 03:05:08.945, NVIDIA GeForce RTX 4090, 97 %, 33 %, 19206 MiB, 49140 MiB, 179.35 W
2026/08/04 03:05:09.948, NVIDIA GeForce RTX 4090, 98 %, 35 %, 19206 MiB, 49140 MiB, 405.46 W
2026/08/04 03:05:10.951, NVIDIA GeForce RTX 4090, 99 %, 40 %, 19206 MiB, 49140 MiB, 401.63 W
2026/08/04 03:05:11.951, NVIDIA GeForce RTX 4090, 99 %, 47 %, 19206 MiB, 49140 MiB, 404.59 W
2026/08/04 03:05:12.952, NVIDIA GeForce RTX 4090, 99 %, 53 %, 19206 MiB, 49140 MiB, 407.70 W
2026/08/04 03:05:13.953, NVIDIA GeForce RTX 4090, 89 %, 48 %, 19206 MiB, 49140 MiB, 403.18 W
2026/08/04 03:05:14.956, NVIDIA GeForce RTX 4090, 86 %, 50 %, 19206 MiB, 49140 MiB, 401.69 W
2026/08/04 03:05:15.957, NVIDIA GeForce RTX 4090, 83 %, 48 %, 19206 MiB, 49140 MiB, 397.82 W
2026/08/04 03:05:16.958, NVIDIA GeForce RTX 4090, 88 %, 48 %, 19206 MiB, 49140 MiB, 398.24 W
2026/08/04 03:05:17.958, NVIDIA GeForce RTX 4090, 91 %, 48 %, 19206 MiB, 49140 MiB, 405.47 W
2026/08/04 03:05:18.960, NVIDIA GeForce RTX 4090, 95 %, 45 %, 19206 MiB, 49140 MiB, 406.95 W
2026/08/04 03:05:19.961, NVIDIA GeForce RTX 4090, 95 %, 38 %, 19206 MiB, 49140 MiB, 407.33 W
2026/08/04 03:05:20.961, NVIDIA GeForce RTX 4090, 95 %, 34 %, 19206 MiB, 49140 MiB, 407.50 W
2026/08/04 03:05:21.962, NVIDIA GeForce RTX 4090, 96 %, 32 %, 19206 MiB, 49140 MiB, 405.80 W
2026/08/04 03:05:22.964, NVIDIA GeForce RTX 4090, 97 %, 34 %, 19206 MiB, 49140 MiB, 405.36 W
2026/08/04 03:05:23.965, NVIDIA GeForce RTX 4090, 98 %, 38 %, 19206 MiB, 49140 MiB, 406.34 W
2026/08/04 03:05:24.968, NVIDIA GeForce RTX 4090, 99 %, 44 %, 19206 MiB, 49140 MiB, 404.11 W
2026/08/04 03:05:25.969, NVIDIA GeForce RTX 4090, 99 %, 51 %, 19206 MiB, 49140 MiB, 402.75 W
2026/08/04 03:05:26.974, NVIDIA GeForce RTX 4090, 91 %, 52 %, 19206 MiB, 49140 MiB, 403.94 W
2026/08/04 03:05:27.974, NVIDIA GeForce RTX 4090, 91 %, 45 %, 19206 MiB, 49140 MiB, 405.95 W
2026/08/04 03:05:28.974, NVIDIA GeForce RTX 4090, 96 %, 40 %, 19206 MiB, 49140 MiB, 407.36 W
2026/08/04 03:05:29.976, NVIDIA GeForce RTX 4090, 95 %, 34 %, 19206 MiB, 49140 MiB, 407.86 W
2026/08/04 03:05:30.977, NVIDIA GeForce RTX 4090, 97 %, 33 %, 19206 MiB, 49140 MiB, 407.65 W
2026/08/04 03:05:31.977, NVIDIA GeForce RTX 4090, 98 %, 35 %, 19206 MiB, 49140 MiB, 408.77 W
2026/08/04 03:05:32.977, NVIDIA GeForce RTX 4090, 100 %, 51 %, 19206 MiB, 49140 MiB, 408.31 W
2026/08/04 03:05:33.977, NVIDIA GeForce RTX 4090, 96 %, 32 %, 19206 MiB, 49140 MiB, 403.23 W
2026/08/04 03:05:34.980, NVIDIA GeForce RTX 4090, 97 %, 33 %, 19206 MiB, 49140 MiB, 408.46 W
2026/08/04 03:05:35.980, NVIDIA GeForce RTX 4090, 98 %, 37 %, 19206 MiB, 49140 MiB, 403.34 W
2026/08/04 03:05:36.984, NVIDIA GeForce RTX 4090, 99 %, 45 %, 19206 MiB, 49140 MiB, 407.27 W
2026/08/04 03:05:37.984, NVIDIA GeForce RTX 4090, 99 %, 55 %, 19206 MiB, 49140 MiB, 410.50 W
2026/08/04 03:05:38.985, NVIDIA GeForce RTX 4090, 91 %, 55 %, 19206 MiB, 49140 MiB, 406.55 W
2026/08/04 03:05:39.986, NVIDIA GeForce RTX 4090, 80 %, 46 %, 19206 MiB, 49140 MiB, 403.97 W
2026/08/04 03:05:40.986, NVIDIA GeForce RTX 4090, 88 %, 47 %, 19206 MiB, 49140 MiB, 400.53 W
2026/08/04 03:05:41.987, NVIDIA GeForce RTX 4090, 91 %, 47 %, 19206 MiB, 49140 MiB, 402.35 W
2026/08/04 03:05:42.988, NVIDIA GeForce RTX 4090, 95 %, 46 %, 19206 MiB, 49140 MiB, 404.35 W
2026/08/04 03:05:43.989, NVIDIA GeForce RTX 4090, 94 %, 41 %, 19206 MiB, 49140 MiB, 404.60 W
2026/08/04 03:05:44.992, NVIDIA GeForce RTX 4090, 95 %, 34 %, 19206 MiB, 49140 MiB, 406.66 W
2026/08/04 03:05:45.993, NVIDIA GeForce RTX 4090, 95 %, 33 %, 19206 MiB, 49140 MiB, 409.20 W
2026/08/04 03:05:46.993, NVIDIA GeForce RTX 4090, 97 %, 33 %, 19206 MiB, 49140 MiB, 405.93 W
2026/08/04 03:05:47.993, NVIDIA GeForce RTX 4090, 98 %, 34 %, 19206 MiB, 49140 MiB, 405.00 W
2026/08/04 03:05:48.993, NVIDIA GeForce RTX 4090, 99 %, 37 %, 19206 MiB, 49140 MiB, 408.42 W
2026/08/04 03:05:49.994, NVIDIA GeForce RTX 4090, 99 %, 47 %, 19206 MiB, 49140 MiB, 409.48 W
2026/08/04 03:05:50.994, NVIDIA GeForce RTX 4090, 99 %, 54 %, 19206 MiB, 49140 MiB, 410.47 W
2026/08/04 03:05:51.994, NVIDIA GeForce RTX 4090, 90 %, 52 %, 19206 MiB, 49140 MiB, 405.00 W
2026/08/04 03:05:52.995, NVIDIA GeForce RTX 4090, 87 %, 50 %, 19206 MiB, 49140 MiB, 406.36 W
2026/08/04 03:05:54.000, NVIDIA GeForce RTX 4090, 91 %, 50 %, 19206 MiB, 49140 MiB, 405.07 W
2026/08/04 03:05:55.001, NVIDIA GeForce RTX 4090, 91 %, 46 %, 19206 MiB, 49140 MiB, 409.02 W
2026/08/04 03:05:56.001, NVIDIA GeForce RTX 4090, 95 %, 41 %, 19206 MiB, 49140 MiB, 404.90 W
2026/08/04 03:05:57.001, NVIDIA GeForce RTX 4090, 95 %, 33 %, 19206 MiB, 49140 MiB, 406.69 W
2026/08/04 03:05:58.001, NVIDIA GeForce RTX 4090, 0 %, 0 %, 19206 MiB, 49140 MiB, 362.97 W
2026/08/04 03:05:59.002, NVIDIA GeForce RTX 4090, 8 %, 0 %, 19206 MiB, 49140 MiB, 97.76 W
2026/08/04 03:06:00.002, NVIDIA GeForce RTX 4090, 0 %, 0 %, 19206 MiB, 49140 MiB, 93.24 W
2026/08/04 03:06:01.004, NVIDIA GeForce RTX 4090, 70 %, 29 %, 19206 MiB, 49140 MiB, 92.32 W
2026/08/04 03:06:02.008, NVIDIA GeForce RTX 4090, 82 %, 47 %, 19206 MiB, 49140 MiB, 383.51 W
2026/08/04 03:06:03.011, NVIDIA GeForce RTX 4090, 88 %, 46 %, 19206 MiB, 49140 MiB, 403.10 W
2026/08/04 03:06:04.011, NVIDIA GeForce RTX 4090, 93 %, 45 %, 19206 MiB, 49140 MiB, 404.58 W
2026/08/04 03:06:05.012, NVIDIA GeForce RTX 4090, 93 %, 39 %, 19206 MiB, 49140 MiB, 407.86 W
2026/08/04 03:06:06.016, NVIDIA GeForce RTX 4090, 95 %, 33 %, 19206 MiB, 49140 MiB, 408.06 W
2026/08/04 03:06:07.017, NVIDIA GeForce RTX 4090, 96 %, 32 %, 19206 MiB, 49140 MiB, 409.38 W
2026/08/04 03:06:08.017, NVIDIA GeForce RTX 4090, 98 %, 34 %, 19206 MiB, 49140 MiB, 409.47 W
2026/08/04 03:06:09.018, NVIDIA GeForce RTX 4090, 99 %, 37 %, 19206 MiB, 49140 MiB, 410.74 W
2026/08/04 03:06:10.018, NVIDIA GeForce RTX 4090, 99 %, 48 %, 19206 MiB, 49140 MiB, 408.08 W
2026/08/04 03:06:11.020, NVIDIA GeForce RTX 4090, 98 %, 54 %, 19206 MiB, 49140 MiB, 409.67 W
2026/08/04 03:06:12.021, NVIDIA GeForce RTX 4090, 91 %, 55 %, 19206 MiB, 49140 MiB, 407.34 W
2026/08/04 03:06:13.024, NVIDIA GeForce RTX 4090, 88 %, 51 %, 19206 MiB, 49140 MiB, 406.86 W
2026/08/04 03:06:14.025, NVIDIA GeForce RTX 4090, 95 %, 51 %, 19206 MiB, 49140 MiB, 404.59 W
2026/08/04 03:06:15.028, NVIDIA GeForce RTX 4090, 92 %, 43 %, 19206 MiB, 49140 MiB, 407.61 W
2026/08/04 03:06:16.028, NVIDIA GeForce RTX 4090, 93 %, 37 %, 19206 MiB, 49140 MiB, 407.26 W
2026/08/04 03:06:17.028, NVIDIA GeForce RTX 4090, 96 %, 33 %, 19206 MiB, 49140 MiB, 412.42 W
2026/08/04 03:06:18.029, NVIDIA GeForce RTX 4090, 96 %, 33 %, 19206 MiB, 49140 MiB, 409.65 W
2026/08/04 03:06:19.032, NVIDIA GeForce RTX 4090, 98 %, 35 %, 19206 MiB, 49140 MiB, 409.79 W
2026/08/04 03:06:20.033, NVIDIA GeForce RTX 4090, 99 %, 45 %, 19206 MiB, 49140 MiB, 411.14 W
2026/08/04 03:06:21.036, NVIDIA GeForce RTX 4090, 99 %, 53 %, 19206 MiB, 49140 MiB, 412.70 W
2026/08/04 03:06:22.036, NVIDIA GeForce RTX 4090, 91 %, 52 %, 19206 MiB, 49140 MiB, 404.61 W
2026/08/04 03:06:23.037, NVIDIA GeForce RTX 4090, 88 %, 51 %, 19206 MiB, 49140 MiB, 405.72 W
2026/08/04 03:06:24.037, NVIDIA GeForce RTX 4090, 91 %, 47 %, 19206 MiB, 49140 MiB, 403.27 W
2026/08/04 03:06:25.038, NVIDIA GeForce RTX 4090, 100 %, 53 %, 19206 MiB, 49140 MiB, 404.68 W
2026/08/04 03:06:26.040, NVIDIA GeForce RTX 4090, 89 %, 53 %, 19206 MiB, 49140 MiB, 403.77 W
2026/08/04 03:06:27.044, NVIDIA GeForce RTX 4090, 86 %, 49 %, 19206 MiB, 49140 MiB, 406.59 W
2026/08/04 03:06:28.045, NVIDIA GeForce RTX 4090, 94 %, 49 %, 19206 MiB, 49140 MiB, 405.75 W
2026/08/04 03:06:29.045, NVIDIA GeForce RTX 4090, 95 %, 45 %, 19206 MiB, 49140 MiB, 407.72 W
2026/08/04 03:06:30.045, NVIDIA GeForce RTX 4090, 96 %, 35 %, 19206 MiB, 49140 MiB, 409.00 W
2026/08/04 03:06:31.046, NVIDIA GeForce RTX 4090, 97 %, 33 %, 19206 MiB, 49140 MiB, 411.46 W
2026/08/04 03:06:32.048, NVIDIA GeForce RTX 4090, 98 %, 34 %, 19206 MiB, 49140 MiB, 411.14 W
2026/08/04 03:06:33.052, NVIDIA GeForce RTX 4090, 99 %, 36 %, 19206 MiB, 49140 MiB, 408.45 W
2026/08/04 03:06:34.053, NVIDIA GeForce RTX 4090, 99 %, 47 %, 19206 MiB, 49140 MiB, 408.70 W
2026/08/04 03:06:35.055, NVIDIA GeForce RTX 4090, 98 %, 54 %, 19206 MiB, 49140 MiB, 412.14 W
2026/08/04 03:06:36.056, NVIDIA GeForce RTX 4090, 90 %, 53 %, 19206 MiB, 49140 MiB, 410.07 W
2026/08/04 03:06:37.057, NVIDIA GeForce RTX 4090, 91 %, 51 %, 19206 MiB, 49140 MiB, 407.02 W
2026/08/04 03:06:38.060, NVIDIA GeForce RTX 4090, 88 %, 52 %, 19206 MiB, 49140 MiB, 387.37 W
2026/08/04 03:06:39.062, NVIDIA GeForce RTX 4090, 86 %, 49 %, 19206 MiB, 49140 MiB, 403.17 W
2026/08/04 03:06:40.062, NVIDIA GeForce RTX 4090, 93 %, 50 %, 19206 MiB, 49140 MiB, 405.19 W
2026/08/04 03:06:41.064, NVIDIA GeForce RTX 4090, 94 %, 45 %, 19206 MiB, 49140 MiB, 409.19 W
2026/08/04 03:06:42.065, NVIDIA GeForce RTX 4090, 95 %, 36 %, 19206 MiB, 49140 MiB, 409.14 W
2026/08/04 03:06:43.066, NVIDIA GeForce RTX 4090, 96 %, 33 %, 19206 MiB, 49140 MiB, 411.45 W
2026/08/04 03:06:44.068, NVIDIA GeForce RTX 4090, 97 %, 33 %, 19206 MiB, 49140 MiB, 410.42 W
2026/08/04 03:06:45.072, NVIDIA GeForce RTX 4090, 98 %, 35 %, 19206 MiB, 49140 MiB, 407.77 W
2026/08/04 03:06:46.073, NVIDIA GeForce RTX 4090, 98 %, 44 %, 19206 MiB, 49140 MiB, 409.35 W
2026/08/04 03:06:47.076, NVIDIA GeForce RTX 4090, 100 %, 51 %, 19206 MiB, 49140 MiB, 411.79 W
2026/08/04 03:06:48.077, NVIDIA GeForce RTX 4090, 93 %, 52 %, 19206 MiB, 49140 MiB, 408.85 W
2026/08/04 03:06:49.080, NVIDIA GeForce RTX 4090, 88 %, 51 %, 19206 MiB, 49140 MiB, 407.33 W
2026/08/04 03:06:50.081, NVIDIA GeForce RTX 4090, 100 %, 54 %, 19206 MiB, 49140 MiB, 405.07 W
2026/08/04 03:06:51.081, NVIDIA GeForce RTX 4090, 0 %, 0 %, 19206 MiB, 49140 MiB, 135.63 W
2026/08/04 03:06:52.081, NVIDIA GeForce RTX 4090, 0 %, 0 %, 19206 MiB, 49140 MiB, 96.21 W
2026/08/04 03:06:53.084, NVIDIA GeForce RTX 4090, 0 %, 0 %, 19206 MiB, 49140 MiB, 78.63 W
2026/08/04 03:06:54.085, NVIDIA GeForce RTX 4090, 91 %, 52 %, 19206 MiB, 49140 MiB, 235.65 W
2026/08/04 03:06:55.085, NVIDIA GeForce RTX 4090, 90 %, 48 %, 19206 MiB, 49140 MiB, 406.16 W
2026/08/04 03:06:56.087, NVIDIA GeForce RTX 4090, 92 %, 46 %, 19206 MiB, 49140 MiB, 406.97 W
2026/08/04 03:06:57.087, NVIDIA GeForce RTX 4090, 96 %, 40 %, 19206 MiB, 49140 MiB, 408.55 W
2026/08/04 03:06:58.087, NVIDIA GeForce RTX 4090, 96 %, 33 %, 19206 MiB, 49140 MiB, 411.50 W
2026/08/04 03:06:59.088, NVIDIA GeForce RTX 4090, 98 %, 33 %, 19206 MiB, 49140 MiB, 411.96 W
2026/08/04 03:07:00.092, NVIDIA GeForce RTX 4090, 97 %, 35 %, 19206 MiB, 49140 MiB, 408.22 W
2026/08/04 03:07:01.096, NVIDIA GeForce RTX 4090, 99 %, 44 %, 19206 MiB, 49140 MiB, 410.23 W
2026/08/04 03:07:02.100, NVIDIA GeForce RTX 4090, 99 %, 51 %, 19206 MiB, 49140 MiB, 409.65 W
2026/08/04 03:07:03.101, NVIDIA GeForce RTX 4090, 89 %, 51 %, 19206 MiB, 49140 MiB, 407.97 W
2026/08/04 03:07:04.101, NVIDIA GeForce RTX 4090, 86 %, 48 %, 19206 MiB, 49140 MiB, 407.56 W
2026/08/04 03:07:05.101, NVIDIA GeForce RTX 4090, 89 %, 46 %, 19206 MiB, 49140 MiB, 401.73 W
2026/08/04 03:07:06.102, NVIDIA GeForce RTX 4090, 92 %, 45 %, 19206 MiB, 49140 MiB, 402.22 W
2026/08/04 03:07:07.103, NVIDIA GeForce RTX 4090, 94 %, 44 %, 19206 MiB, 49140 MiB, 402.73 W
2026/08/04 03:07:08.103, NVIDIA GeForce RTX 4090, 95 %, 36 %, 19206 MiB, 49140 MiB, 410.71 W
2026/08/04 03:07:09.104, NVIDIA GeForce RTX 4090, 96 %, 32 %, 19206 MiB, 49140 MiB, 411.52 W
2026/08/04 03:07:10.107, NVIDIA GeForce RTX 4090, 98 %, 33 %, 19206 MiB, 49140 MiB, 409.49 W
2026/08/04 03:07:11.108, NVIDIA GeForce RTX 4090, 98 %, 35 %, 19206 MiB, 49140 MiB, 410.21 W
2026/08/04 03:07:12.109, NVIDIA GeForce RTX 4090, 97 %, 43 %, 19206 MiB, 49140 MiB, 409.10 W
2026/08/04 03:07:13.112, NVIDIA GeForce RTX 4090, 99 %, 52 %, 19206 MiB, 49140 MiB, 409.72 W
2026/08/04 03:07:14.116, NVIDIA GeForce RTX 4090, 93 %, 52 %, 19206 MiB, 49140 MiB, 410.48 W
2026/08/04 03:07:15.120, NVIDIA GeForce RTX 4090, 89 %, 50 %, 19206 MiB, 49140 MiB, 408.17 W
2026/08/04 03:07:16.124, NVIDIA GeForce RTX 4090, 90 %, 48 %, 19206 MiB, 49140 MiB, 406.27 W
2026/08/04 03:07:17.125, NVIDIA GeForce RTX 4090, 91 %, 45 %, 19206 MiB, 49140 MiB, 407.38 W
2026/08/04 03:07:18.125, NVIDIA GeForce RTX 4090, 88 %, 44 %, 19206 MiB, 49140 MiB, 403.58 W
2026/08/04 03:07:19.128, NVIDIA GeForce RTX 4090, 88 %, 52 %, 19206 MiB, 49140 MiB, 406.07 W
2026/08/04 03:07:20.128, NVIDIA GeForce RTX 4090, 94 %, 51 %, 19206 MiB, 49140 MiB, 407.52 W
2026/08/04 03:07:21.128, NVIDIA GeForce RTX 4090, 95 %, 45 %, 19206 MiB, 49140 MiB, 409.67 W
2026/08/04 03:07:22.132, NVIDIA GeForce RTX 4090, 95 %, 35 %, 19206 MiB, 49140 MiB, 410.97 W
2026/08/04 03:07:23.136, NVIDIA GeForce RTX 4090, 96 %, 32 %, 19206 MiB, 49140 MiB, 411.39 W
2026/08/04 03:07:24.136, NVIDIA GeForce RTX 4090, 98 %, 34 %, 19206 MiB, 49140 MiB, 410.91 W
2026/08/04 03:07:25.140, NVIDIA GeForce RTX 4090, 98 %, 40 %, 19206 MiB, 49140 MiB, 411.30 W
2026/08/04 03:07:26.141, NVIDIA GeForce RTX 4090, 99 %, 49 %, 19206 MiB, 49140 MiB, 409.59 W
2026/08/04 03:07:27.144, NVIDIA GeForce RTX 4090, 96 %, 55 %, 19206 MiB, 49140 MiB, 411.12 W
2026/08/04 03:07:28.145, NVIDIA GeForce RTX 4090, 91 %, 52 %, 19206 MiB, 49140 MiB, 407.98 W
2026/08/04 03:07:29.145, NVIDIA GeForce RTX 4090, 91 %, 50 %, 19206 MiB, 49140 MiB, 407.17 W
2026/08/04 03:07:30.146, NVIDIA GeForce RTX 4090, 92 %, 47 %, 19206 MiB, 49140 MiB, 405.89 W
2026/08/04 03:07:31.146, NVIDIA GeForce RTX 4090, 95 %, 41 %, 19206 MiB, 49140 MiB, 411.93 W
2026/08/04 03:07:32.146, NVIDIA GeForce RTX 4090, 96 %, 34 %, 19206 MiB, 49140 MiB, 410.49 W
2026/08/04 03:07:33.148, NVIDIA GeForce RTX 4090, 97 %, 32 %, 19206 MiB, 49140 MiB, 412.24 W
2026/08/04 03:07:34.152, NVIDIA GeForce RTX 4090, 96 %, 33 %, 19206 MiB, 49140 MiB, 408.67 W
2026/08/04 03:07:35.153, NVIDIA GeForce RTX 4090, 98 %, 36 %, 19206 MiB, 49140 MiB, 411.73 W
2026/08/04 03:07:36.156, NVIDIA GeForce RTX 4090, 99 %, 49 %, 19206 MiB, 49140 MiB, 411.25 W
2026/08/04 03:07:37.157, NVIDIA GeForce RTX 4090, 96 %, 55 %, 19206 MiB, 49140 MiB, 410.32 W
2026/08/04 03:07:38.157, NVIDIA GeForce RTX 4090, 91 %, 53 %, 19206 MiB, 49140 MiB, 410.86 W
2026/08/04 03:07:39.157, NVIDIA GeForce RTX 4090, 91 %, 51 %, 19206 MiB, 49140 MiB, 407.88 W
2026/08/04 03:07:40.164, NVIDIA GeForce RTX 4090, 92 %, 47 %, 19206 MiB, 49140 MiB, 408.82 W
2026/08/04 03:07:41.165, NVIDIA GeForce RTX 4090, 94 %, 42 %, 19206 MiB, 49140 MiB, 410.99 W
2026/08/04 03:07:42.165, NVIDIA GeForce RTX 4090, 100 %, 51 %, 19206 MiB, 49140 MiB, 407.11 W
2026/08/04 03:07:43.166, NVIDIA GeForce RTX 4090, 0 %, 0 %, 19206 MiB, 49140 MiB, 237.04 W
2026/08/04 03:07:44.166, NVIDIA GeForce RTX 4090, 0 %, 0 %, 19206 MiB, 49140 MiB, 99.87 W
2026/08/04 03:07:45.166, NVIDIA GeForce RTX 4090, 0 %, 0 %, 19206 MiB, 49140 MiB, 86.70 W
2026/08/04 03:07:46.167, NVIDIA GeForce RTX 4090, 99 %, 52 %, 19206 MiB, 49140 MiB, 214.73 W
2026/08/04 03:07:47.167, NVIDIA GeForce RTX 4090, 91 %, 51 %, 19206 MiB, 49140 MiB, 408.42 W
2026/08/04 03:07:48.167, NVIDIA GeForce RTX 4090, 91 %, 50 %, 19206 MiB, 49140 MiB, 409.39 W
2026/08/04 03:07:49.168, NVIDIA GeForce RTX 4090, 90 %, 49 %, 19206 MiB, 49140 MiB, 405.38 W
2026/08/04 03:07:50.168, NVIDIA GeForce RTX 4090, 91 %, 46 %, 19206 MiB, 49140 MiB, 407.15 W
2026/08/04 03:07:51.168, NVIDIA GeForce RTX 4090, 94 %, 40 %, 19206 MiB, 49140 MiB, 406.94 W
2026/08/04 03:07:52.169, NVIDIA GeForce RTX 4090, 96 %, 34 %, 19206 MiB, 49140 MiB, 409.88 W
2026/08/04 03:07:53.172, NVIDIA GeForce RTX 4090, 97 %, 32 %, 19206 MiB, 49140 MiB, 407.98 W
2026/08/04 03:07:54.176, NVIDIA GeForce RTX 4090, 98 %, 33 %, 19206 MiB, 49140 MiB, 402.30 W
2026/08/04 03:07:55.180, NVIDIA GeForce RTX 4090, 99 %, 36 %, 19206 MiB, 49140 MiB, 411.77 W
2026/08/04 03:07:56.181, NVIDIA GeForce RTX 4090, 99 %, 47 %, 19206 MiB, 49140 MiB, 409.23 W
2026/08/04 03:07:57.181, NVIDIA GeForce RTX 4090, 98 %, 54 %, 19206 MiB, 49140 MiB, 410.95 W
2026/08/04 03:07:58.181, NVIDIA GeForce RTX 4090, 91 %, 53 %, 19206 MiB, 49140 MiB, 411.03 W
2026/08/04 03:07:59.182, NVIDIA GeForce RTX 4090, 91 %, 48 %, 19206 MiB, 49140 MiB, 409.46 W
2026/08/04 03:08:00.182, NVIDIA GeForce RTX 4090, 93 %, 46 %, 19206 MiB, 49140 MiB, 409.51 W
2026/08/04 03:08:01.184, NVIDIA GeForce RTX 4090, 96 %, 39 %, 19206 MiB, 49140 MiB, 411.43 W
2026/08/04 03:08:02.186, NVIDIA GeForce RTX 4090, 87 %, 31 %, 19206 MiB, 49140 MiB, 407.65 W
2026/08/04 03:08:03.188, NVIDIA GeForce RTX 4090, 95 %, 32 %, 19206 MiB, 49140 MiB, 404.10 W
2026/08/04 03:08:04.189, NVIDIA GeForce RTX 4090, 97 %, 33 %, 19206 MiB, 49140 MiB, 410.24 W
2026/08/04 03:08:05.192, NVIDIA GeForce RTX 4090, 98 %, 35 %, 19206 MiB, 49140 MiB, 408.89 W
2026/08/04 03:08:06.193, NVIDIA GeForce RTX 4090, 99 %, 45 %, 19206 MiB, 49140 MiB, 411.08 W
2026/08/04 03:08:07.196, NVIDIA GeForce RTX 4090, 99 %, 50 %, 19206 MiB, 49140 MiB, 407.47 W
2026/08/04 03:08:08.198, NVIDIA GeForce RTX 4090, 93 %, 52 %, 19206 MiB, 49140 MiB, 407.01 W
2026/08/04 03:08:09.199, NVIDIA GeForce RTX 4090, 87 %, 51 %, 19206 MiB, 49140 MiB, 404.51 W
2026/08/04 03:08:10.200, NVIDIA GeForce RTX 4090, 100 %, 51 %, 19206 MiB, 49140 MiB, 404.51 W
2026/08/04 03:08:11.201, NVIDIA GeForce RTX 4090, 99 %, 49 %, 19206 MiB, 49140 MiB, 407.06 W
2026/08/04 03:08:12.201, NVIDIA GeForce RTX 4090, 97 %, 54 %, 19206 MiB, 49140 MiB, 409.32 W
2026/08/04 03:08:13.204, NVIDIA GeForce RTX 4090, 91 %, 54 %, 19206 MiB, 49140 MiB, 410.67 W
2026/08/04 03:08:14.205, NVIDIA GeForce RTX 4090, 92 %, 51 %, 19206 MiB, 49140 MiB, 408.61 W
2026/08/04 03:08:15.205, NVIDIA GeForce RTX 4090, 94 %, 46 %, 19206 MiB, 49140 MiB, 408.15 W
2026/08/04 03:08:16.205, NVIDIA GeForce RTX 4090, 94 %, 41 %, 19206 MiB, 49140 MiB, 410.94 W
2026/08/04 03:08:17.206, NVIDIA GeForce RTX 4090, 94 %, 34 %, 19206 MiB, 49140 MiB, 410.94 W
2026/08/04 03:08:18.206, NVIDIA GeForce RTX 4090, 97 %, 32 %, 19206 MiB, 49140 MiB, 410.82 W
2026/08/04 03:08:19.206, NVIDIA GeForce RTX 4090, 97 %, 33 %, 19206 MiB, 49140 MiB, 408.85 W
2026/08/04 03:08:20.207, NVIDIA GeForce RTX 4090, 99 %, 39 %, 19206 MiB, 49140 MiB, 411.47 W
2026/08/04 03:08:21.207, NVIDIA GeForce RTX 4090, 99 %, 51 %, 19206 MiB, 49140 MiB, 411.05 W
2026/08/04 03:08:22.208, NVIDIA GeForce RTX 4090, 96 %, 55 %, 19206 MiB, 49140 MiB, 410.73 W
2026/08/04 03:08:23.209, NVIDIA GeForce RTX 4090, 91 %, 51 %, 19206 MiB, 49140 MiB, 410.44 W
2026/08/04 03:08:24.209, NVIDIA GeForce RTX 4090, 92 %, 49 %, 19206 MiB, 49140 MiB, 407.19 W
2026/08/04 03:08:25.209, NVIDIA GeForce RTX 4090, 92 %, 44 %, 19206 MiB, 49140 MiB, 407.73 W
2026/08/04 03:08:26.210, NVIDIA GeForce RTX 4090, 95 %, 41 %, 19206 MiB, 49140 MiB, 410.66 W
2026/08/04 03:08:27.212, NVIDIA GeForce RTX 4090, 95 %, 34 %, 19206 MiB, 49140 MiB, 411.51 W
2026/08/04 03:08:28.213, NVIDIA GeForce RTX 4090, 97 %, 33 %, 19206 MiB, 49140 MiB, 409.44 W
2026/08/04 03:08:29.213, NVIDIA GeForce RTX 4090, 98 %, 35 %, 19206 MiB, 49140 MiB, 412.54 W
2026/08/04 03:08:30.214, NVIDIA GeForce RTX 4090, 99 %, 44 %, 19206 MiB, 49140 MiB, 411.58 W
2026/08/04 03:08:31.214, NVIDIA GeForce RTX 4090, 99 %, 50 %, 19206 MiB, 49140 MiB, 411.27 W
2026/08/04 03:08:32.216, NVIDIA GeForce RTX 4090, 92 %, 52 %, 19206 MiB, 49140 MiB, 410.27 W
2026/08/04 03:08:33.217, NVIDIA GeForce RTX 4090, 89 %, 52 %, 19206 MiB, 49140 MiB, 408.85 W
2026/08/04 03:08:34.217, NVIDIA GeForce RTX 4090, 99 %, 49 %, 19206 MiB, 49140 MiB, 407.48 W
2026/08/04 03:08:35.217, NVIDIA GeForce RTX 4090, 0 %, 0 %, 19206 MiB, 49140 MiB, 265.93 W
2026/08/04 03:08:36.218, NVIDIA GeForce RTX 4090, 0 %, 0 %, 19206 MiB, 49140 MiB, 99.01 W
2026/08/04 03:08:37.218, NVIDIA GeForce RTX 4090, 0 %, 0 %, 19206 MiB, 49140 MiB, 86.86 W
2026/08/04 03:08:38.218, NVIDIA GeForce RTX 4090, 100 %, 50 %, 19206 MiB, 49140 MiB, 216.69 W
2026/08/04 03:08:39.219, NVIDIA GeForce RTX 4090, 93 %, 52 %, 19206 MiB, 49140 MiB, 407.90 W
2026/08/04 03:08:40.219, NVIDIA GeForce RTX 4090, 89 %, 52 %, 19206 MiB, 49140 MiB, 405.40 W
2026/08/04 03:08:41.219, NVIDIA GeForce RTX 4090, 90 %, 51 %, 19206 MiB, 49140 MiB, 404.05 W
2026/08/04 03:08:42.220, NVIDIA GeForce RTX 4090, 92 %, 47 %, 19206 MiB, 49140 MiB, 405.54 W
2026/08/04 03:08:43.220, NVIDIA GeForce RTX 4090, 94 %, 41 %, 19206 MiB, 49140 MiB, 404.92 W
2026/08/04 03:08:44.220, NVIDIA GeForce RTX 4090, 94 %, 34 %, 19206 MiB, 49140 MiB, 408.51 W
2026/08/04 03:08:45.221, NVIDIA GeForce RTX 4090, 96 %, 33 %, 19206 MiB, 49140 MiB, 407.44 W
2026/08/04 03:08:46.224, NVIDIA GeForce RTX 4090, 98 %, 33 %, 19206 MiB, 49140 MiB, 410.40 W
2026/08/04 03:08:47.225, NVIDIA GeForce RTX 4090, 98 %, 36 %, 19206 MiB, 49140 MiB, 408.79 W
2026/08/04 03:08:48.226, NVIDIA GeForce RTX 4090, 99 %, 45 %, 19206 MiB, 49140 MiB, 409.77 W
2026/08/04 03:08:49.227, NVIDIA GeForce RTX 4090, 99 %, 52 %, 19206 MiB, 49140 MiB, 408.05 W
2026/08/04 03:08:50.227, NVIDIA GeForce RTX 4090, 95 %, 55 %, 19206 MiB, 49140 MiB, 409.91 W
2026/08/04 03:08:51.227, NVIDIA GeForce RTX 4090, 90 %, 53 %, 19206 MiB, 49140 MiB, 407.44 W
2026/08/04 03:08:52.228, NVIDIA GeForce RTX 4090, 89 %, 50 %, 19206 MiB, 49140 MiB, 404.39 W
2026/08/04 03:08:53.228, NVIDIA GeForce RTX 4090, 91 %, 48 %, 19206 MiB, 49140 MiB, 404.65 W
2026/08/04 03:08:54.232, NVIDIA GeForce RTX 4090, 94 %, 42 %, 19206 MiB, 49140 MiB, 406.67 W
2026/08/04 03:08:55.236, NVIDIA GeForce RTX 4090, 95 %, 35 %, 19206 MiB, 49140 MiB, 409.39 W
2026/08/04 03:08:56.237, NVIDIA GeForce RTX 4090, 96 %, 32 %, 19206 MiB, 49140 MiB, 409.16 W
2026/08/04 03:08:57.237, NVIDIA GeForce RTX 4090, 98 %, 33 %, 19206 MiB, 49140 MiB, 407.54 W
2026/08/04 03:08:58.238, NVIDIA GeForce RTX 4090, 98 %, 35 %, 19206 MiB, 49140 MiB, 406.32 W
2026/08/04 03:08:59.238, NVIDIA GeForce RTX 4090, 99 %, 42 %, 19206 MiB, 49140 MiB, 407.92 W
2026/08/04 03:09:00.244, NVIDIA GeForce RTX 4090, 99 %, 51 %, 19206 MiB, 49140 MiB, 409.67 W
2026/08/04 03:09:01.245, NVIDIA GeForce RTX 4090, 95 %, 55 %, 19206 MiB, 49140 MiB, 409.49 W
2026/08/04 03:09:02.245, NVIDIA GeForce RTX 4090, 100 %, 51 %, 19206 MiB, 49140 MiB, 408.39 W
2026/08/04 03:09:03.248, NVIDIA GeForce RTX 4090, 99 %, 42 %, 19206 MiB, 49140 MiB, 406.61 W
2026/08/04 03:09:04.252, NVIDIA GeForce RTX 4090, 99 %, 50 %, 19206 MiB, 49140 MiB, 409.63 W
2026/08/04 03:09:05.253, NVIDIA GeForce RTX 4090, 95 %, 54 %, 19206 MiB, 49140 MiB, 408.62 W
2026/08/04 03:09:06.253, NVIDIA GeForce RTX 4090, 89 %, 53 %, 19206 MiB, 49140 MiB, 406.49 W
2026/08/04 03:09:07.256, NVIDIA GeForce RTX 4090, 87 %, 51 %, 19206 MiB, 49140 MiB, 405.78 W
2026/08/04 03:09:08.264, NVIDIA GeForce RTX 4090, 93 %, 51 %, 19206 MiB, 49140 MiB, 405.22 W
2026/08/04 03:09:09.265, NVIDIA GeForce RTX 4090, 91 %, 44 %, 19206 MiB, 49140 MiB, 408.17 W
2026/08/04 03:09:10.265, NVIDIA GeForce RTX 4090, 93 %, 39 %, 19206 MiB, 49140 MiB, 407.38 W
2026/08/04 03:09:11.268, NVIDIA GeForce RTX 4090, 95 %, 34 %, 19206 MiB, 49140 MiB, 408.76 W
2026/08/04 03:09:12.268, NVIDIA GeForce RTX 4090, 96 %, 33 %, 19206 MiB, 49140 MiB, 408.79 W
2026/08/04 03:09:13.268, NVIDIA GeForce RTX 4090, 98 %, 33 %, 19206 MiB, 49140 MiB, 408.80 W
2026/08/04 03:09:14.269, NVIDIA GeForce RTX 4090, 98 %, 35 %, 19206 MiB, 49140 MiB, 407.99 W
2026/08/04 03:09:15.269, NVIDIA GeForce RTX 4090, 99 %, 43 %, 19206 MiB, 49140 MiB, 408.37 W
2026/08/04 03:09:16.269, NVIDIA GeForce RTX 4090, 99 %, 49 %, 19206 MiB, 49140 MiB, 407.94 W
2026/08/04 03:09:17.270, NVIDIA GeForce RTX 4090, 96 %, 55 %, 19206 MiB, 49140 MiB, 409.27 W
2026/08/04 03:09:18.270, NVIDIA GeForce RTX 4090, 86 %, 51 %, 19206 MiB, 49140 MiB, 406.80 W
2026/08/04 03:09:19.272, NVIDIA GeForce RTX 4090, 87 %, 50 %, 19206 MiB, 49140 MiB, 404.70 W
2026/08/04 03:09:20.274, NVIDIA GeForce RTX 4090, 88 %, 46 %, 19206 MiB, 49140 MiB, 404.08 W
2026/08/04 03:09:21.274, NVIDIA GeForce RTX 4090, 90 %, 45 %, 19206 MiB, 49140 MiB, 405.61 W
2026/08/04 03:09:22.275, NVIDIA GeForce RTX 4090, 92 %, 40 %, 19206 MiB, 49140 MiB, 403.92 W
2026/08/04 03:09:23.275, NVIDIA GeForce RTX 4090, 95 %, 35 %, 19206 MiB, 49140 MiB, 408.17 W
2026/08/04 03:09:24.275, NVIDIA GeForce RTX 4090, 94 %, 32 %, 19206 MiB, 49140 MiB, 408.94 W
2026/08/04 03:09:25.276, NVIDIA GeForce RTX 4090, 96 %, 33 %, 19206 MiB, 49140 MiB, 409.66 W
2026/08/04 03:09:26.276, NVIDIA GeForce RTX 4090, 98 %, 34 %, 19206 MiB, 49140 MiB, 407.99 W
2026/08/04 03:09:27.276, NVIDIA GeForce RTX 4090, 0 %, 0 %, 19206 MiB, 49140 MiB, 339.86 W
2026/08/04 03:09:28.277, NVIDIA GeForce RTX 4090, 0 %, 0 %, 19206 MiB, 49140 MiB, 100.63 W
2026/08/04 03:09:29.280, NVIDIA GeForce RTX 4090, 5 %, 0 %, 19206 MiB, 49140 MiB, 91.36 W
2026/08/04 03:09:30.284, NVIDIA GeForce RTX 4090, 97 %, 34 %, 19206 MiB, 49140 MiB, 179.16 W
2026/08/04 03:09:31.285, NVIDIA GeForce RTX 4090, 98 %, 38 %, 19206 MiB, 49140 MiB, 407.60 W
2026/08/04 03:09:32.285, NVIDIA GeForce RTX 4090, 98 %, 45 %, 19206 MiB, 49140 MiB, 406.73 W
2026/08/04 03:09:33.285, NVIDIA GeForce RTX 4090, 99 %, 50 %, 19206 MiB, 49140 MiB, 410.05 W
2026/08/04 03:09:34.285, NVIDIA GeForce RTX 4090, 94 %, 54 %, 19206 MiB, 49140 MiB, 409.78 W
2026/08/04 03:09:35.286, NVIDIA GeForce RTX 4090, 90 %, 52 %, 19206 MiB, 49140 MiB, 406.14 W
2026/08/04 03:09:36.288, NVIDIA GeForce RTX 4090, 82 %, 47 %, 19206 MiB, 49140 MiB, 404.36 W
2026/08/04 03:09:37.288, NVIDIA GeForce RTX 4090, 90 %, 49 %, 19206 MiB, 49140 MiB, 402.87 W
2026/08/04 03:09:38.289, NVIDIA GeForce RTX 4090, 91 %, 45 %, 19206 MiB, 49140 MiB, 407.28 W
2026/08/04 03:09:39.290, NVIDIA GeForce RTX 4090, 93 %, 40 %, 19206 MiB, 49140 MiB, 409.70 W
2026/08/04 03:09:40.292, NVIDIA GeForce RTX 4090, 96 %, 34 %, 19206 MiB, 49140 MiB, 409.21 W
2026/08/04 03:09:41.296, NVIDIA GeForce RTX 4090, 96 %, 32 %, 19206 MiB, 49140 MiB, 410.37 W
2026/08/04 03:09:42.298, NVIDIA GeForce RTX 4090, 96 %, 33 %, 19206 MiB, 49140 MiB, 405.15 W
2026/08/04 03:09:43.298, NVIDIA GeForce RTX 4090, 97 %, 35 %, 19206 MiB, 49140 MiB, 408.45 W
2026/08/04 03:09:44.299, NVIDIA GeForce RTX 4090, 98 %, 42 %, 19206 MiB, 49140 MiB, 408.09 W
2026/08/04 03:09:45.299, NVIDIA GeForce RTX 4090, 99 %, 48 %, 19206 MiB, 49140 MiB, 407.72 W
2026/08/04 03:09:46.299, NVIDIA GeForce RTX 4090, 99 %, 55 %, 19206 MiB, 49140 MiB, 402.92 W
2026/08/04 03:09:47.300, NVIDIA GeForce RTX 4090, 89 %, 52 %, 19206 MiB, 49140 MiB, 403.65 W
2026/08/04 03:09:48.301, NVIDIA GeForce RTX 4090, 95 %, 55 %, 19206 MiB, 49140 MiB, 393.35 W
2026/08/04 03:09:49.301, NVIDIA GeForce RTX 4090, 89 %, 53 %, 19206 MiB, 49140 MiB, 406.94 W
2026/08/04 03:09:50.304, NVIDIA GeForce RTX 4090, 86 %, 49 %, 19206 MiB, 49140 MiB, 408.23 W
2026/08/04 03:09:51.308, NVIDIA GeForce RTX 4090, 92 %, 49 %, 19206 MiB, 49140 MiB, 407.61 W
2026/08/04 03:09:52.312, NVIDIA GeForce RTX 4090, 94 %, 44 %, 19206 MiB, 49140 MiB, 410.87 W
2026/08/04 03:09:53.312, NVIDIA GeForce RTX 4090, 95 %, 36 %, 19206 MiB, 49140 MiB, 408.67 W
2026/08/04 03:09:54.312, NVIDIA GeForce RTX 4090, 100 %, 52 %, 19206 MiB, 49140 MiB, 405.70 W
2026/08/04 03:09:55.313, NVIDIA GeForce RTX 4090, 95 %, 35 %, 19206 MiB, 49140 MiB, 404.67 W
2026/08/04 03:09:56.313, NVIDIA GeForce RTX 4090, 96 %, 33 %, 19206 MiB, 49140 MiB, 410.46 W
2026/08/04 03:09:57.313, NVIDIA GeForce RTX 4090, 97 %, 33 %, 19206 MiB, 49140 MiB, 407.88 W
2026/08/04 03:09:58.316, NVIDIA GeForce RTX 4090, 98 %, 34 %, 19206 MiB, 49140 MiB, 409.18 W
2026/08/04 03:09:59.320, NVIDIA GeForce RTX 4090, 98 %, 39 %, 19206 MiB, 49140 MiB, 411.17 W
2026/08/04 03:10:00.321, NVIDIA GeForce RTX 4090, 99 %, 47 %, 19206 MiB, 49140 MiB, 408.75 W
2026/08/04 03:10:01.321, NVIDIA GeForce RTX 4090, 98 %, 54 %, 19206 MiB, 49140 MiB, 411.67 W
2026/08/04 03:10:02.321, NVIDIA GeForce RTX 4090, 88 %, 50 %, 19206 MiB, 49140 MiB, 409.45 W
2026/08/04 03:10:03.322, NVIDIA GeForce RTX 4090, 88 %, 48 %, 19206 MiB, 49140 MiB, 403.98 W
2026/08/04 03:10:04.323, NVIDIA GeForce RTX 4090, 89 %, 46 %, 19206 MiB, 49140 MiB, 405.47 W
2026/08/04 03:10:05.323, NVIDIA GeForce RTX 4090, 93 %, 45 %, 19206 MiB, 49140 MiB, 405.96 W
2026/08/04 03:10:06.324, NVIDIA GeForce RTX 4090, 94 %, 40 %, 19206 MiB, 49140 MiB, 407.12 W
2026/08/04 03:10:07.326, NVIDIA GeForce RTX 4090, 96 %, 34 %, 19206 MiB, 49140 MiB, 408.99 W
2026/08/04 03:10:08.327, NVIDIA GeForce RTX 4090, 96 %, 33 %, 19206 MiB, 49140 MiB, 409.63 W
2026/08/04 03:10:09.327, NVIDIA GeForce RTX 4090, 97 %, 33 %, 19206 MiB, 49140 MiB, 408.11 W
2026/08/04 03:10:10.328, NVIDIA GeForce RTX 4090, 98 %, 35 %, 19206 MiB, 49140 MiB, 409.23 W
2026/08/04 03:10:11.328, NVIDIA GeForce RTX 4090, 99 %, 44 %, 19206 MiB, 49140 MiB, 408.72 W
2026/08/04 03:10:12.329, NVIDIA GeForce RTX 4090, 99 %, 51 %, 19206 MiB, 49140 MiB, 409.61 W
2026/08/04 03:10:13.329, NVIDIA GeForce RTX 4090, 95 %, 55 %, 19206 MiB, 49140 MiB, 409.89 W
2026/08/04 03:10:14.330, NVIDIA GeForce RTX 4090, 89 %, 53 %, 19206 MiB, 49140 MiB, 407.98 W
2026/08/04 03:10:15.332, NVIDIA GeForce RTX 4090, 85 %, 49 %, 19206 MiB, 49140 MiB, 405.52 W
2026/08/04 03:10:16.336, NVIDIA GeForce RTX 4090, 93 %, 51 %, 19206 MiB, 49140 MiB, 410.49 W
2026/08/04 03:10:17.337, NVIDIA GeForce RTX 4090, 92 %, 47 %, 19206 MiB, 49140 MiB, 409.02 W
2026/08/04 03:10:18.337, NVIDIA GeForce RTX 4090, 93 %, 40 %, 19206 MiB, 49140 MiB, 408.37 W
2026/08/04 03:10:19.337, NVIDIA GeForce RTX 4090, 0 %, 0 %, 19206 MiB, 49140 MiB, 378.31 W
2026/08/04 03:10:20.338, NVIDIA GeForce RTX 4090, 7 %, 0 %, 19206 MiB, 49140 MiB, 100.27 W
2026/08/04 03:10:21.339, NVIDIA GeForce RTX 4090, 0 %, 0 %, 19206 MiB, 49140 MiB, 97.60 W
2026/08/04 03:10:22.339, NVIDIA GeForce RTX 4090, 84 %, 42 %, 19206 MiB, 49140 MiB, 112.23 W
2026/08/04 03:10:23.340, NVIDIA GeForce RTX 4090, 90 %, 46 %, 19206 MiB, 49140 MiB, 397.96 W
2026/08/04 03:10:24.341, NVIDIA GeForce RTX 4090, 94 %, 41 %, 19206 MiB, 49140 MiB, 408.26 W
2026/08/04 03:10:25.341, NVIDIA GeForce RTX 4090, 95 %, 35 %, 19206 MiB, 49140 MiB, 408.68 W
2026/08/04 03:10:26.344, NVIDIA GeForce RTX 4090, 95 %, 33 %, 19206 MiB, 49140 MiB, 410.38 W
2026/08/04 03:10:27.345, NVIDIA GeForce RTX 4090, 97 %, 33 %, 19206 MiB, 49140 MiB, 411.77 W
2026/08/04 03:10:28.345, NVIDIA GeForce RTX 4090, 98 %, 35 %, 19206 MiB, 49140 MiB, 407.57 W
2026/08/04 03:10:29.345, NVIDIA GeForce RTX 4090, 99 %, 44 %, 19206 MiB, 49140 MiB, 410.37 W
2026/08/04 03:10:30.348, NVIDIA GeForce RTX 4090, 99 %, 51 %, 19206 MiB, 49140 MiB, 411.61 W
2026/08/04 03:10:31.349, NVIDIA GeForce RTX 4090, 95 %, 54 %, 19206 MiB, 49140 MiB, 408.81 W
2026/08/04 03:10:32.352, NVIDIA GeForce RTX 4090, 90 %, 52 %, 19206 MiB, 49140 MiB, 408.61 W
2026/08/04 03:10:33.356, NVIDIA GeForce RTX 4090, 85 %, 48 %, 19206 MiB, 49140 MiB, 404.53 W
2026/08/04 03:10:34.357, NVIDIA GeForce RTX 4090, 91 %, 48 %, 19206 MiB, 49140 MiB, 403.04 W
2026/08/04 03:10:35.357, NVIDIA GeForce RTX 4090, 94 %, 44 %, 19206 MiB, 49140 MiB, 409.59 W
2026/08/04 03:10:36.360, NVIDIA GeForce RTX 4090, 96 %, 35 %, 19206 MiB, 49140 MiB, 408.49 W
2026/08/04 03:10:37.360, NVIDIA GeForce RTX 4090, 96 %, 33 %, 19206 MiB, 49140 MiB, 407.33 W
2026/08/04 03:10:38.361, NVIDIA GeForce RTX 4090, 98 %, 33 %, 19206 MiB, 49140 MiB, 408.48 W
2026/08/04 03:10:39.363, NVIDIA GeForce RTX 4090, 98 %, 35 %, 19206 MiB, 49140 MiB, 406.45 W
2026/08/04 03:10:40.364, NVIDIA GeForce RTX 4090, 99 %, 43 %, 19206 MiB, 49140 MiB, 409.67 W
2026/08/04 03:10:41.364, NVIDIA GeForce RTX 4090, 99 %, 50 %, 19206 MiB, 49140 MiB, 409.06 W
2026/08/04 03:10:42.365, NVIDIA GeForce RTX 4090, 95 %, 55 %, 19206 MiB, 49140 MiB, 409.48 W
2026/08/04 03:10:43.365, NVIDIA GeForce RTX 4090, 90 %, 53 %, 19206 MiB, 49140 MiB, 408.59 W
2026/08/04 03:10:44.366, NVIDIA GeForce RTX 4090, 84 %, 48 %, 19206 MiB, 49140 MiB, 404.59 W
2026/08/04 03:10:45.366, NVIDIA GeForce RTX 4090, 92 %, 50 %, 19206 MiB, 49140 MiB, 404.46 W
2026/08/04 03:10:46.366, NVIDIA GeForce RTX 4090, 100 %, 55 %, 19206 MiB, 49140 MiB, 406.49 W
2026/08/04 03:10:47.367, NVIDIA GeForce RTX 4090, 90 %, 54 %, 19206 MiB, 49140 MiB, 406.21 W
2026/08/04 03:10:48.368, NVIDIA GeForce RTX 4090, 86 %, 49 %, 19206 MiB, 49140 MiB, 406.52 W
2026/08/04 03:10:49.372, NVIDIA GeForce RTX 4090, 92 %, 50 %, 19206 MiB, 49140 MiB, 404.02 W
2026/08/04 03:10:50.374, NVIDIA GeForce RTX 4090, 95 %, 46 %, 19206 MiB, 49140 MiB, 406.70 W
2026/08/04 03:10:51.374, NVIDIA GeForce RTX 4090, 95 %, 38 %, 19206 MiB, 49140 MiB, 411.18 W
2026/08/04 03:10:52.374, NVIDIA GeForce RTX 4090, 96 %, 34 %, 19206 MiB, 49140 MiB, 410.30 W
2026/08/04 03:10:53.375, NVIDIA GeForce RTX 4090, 97 %, 33 %, 19206 MiB, 49140 MiB, 409.19 W
2026/08/04 03:10:54.375, NVIDIA GeForce RTX 4090, 98 %, 35 %, 19206 MiB, 49140 MiB, 410.10 W
2026/08/04 03:10:55.376, NVIDIA GeForce RTX 4090, 99 %, 42 %, 19206 MiB, 49140 MiB, 408.69 W
2026/08/04 03:10:56.376, NVIDIA GeForce RTX 4090, 99 %, 50 %, 19206 MiB, 49140 MiB, 408.40 W
2026/08/04 03:10:57.376, NVIDIA GeForce RTX 4090, 96 %, 54 %, 19206 MiB, 49140 MiB, 410.05 W
2026/08/04 03:10:58.377, NVIDIA GeForce RTX 4090, 90 %, 53 %, 19206 MiB, 49140 MiB, 408.53 W
2026/08/04 03:10:59.377, NVIDIA GeForce RTX 4090, 86 %, 50 %, 19206 MiB, 49140 MiB, 407.16 W
2026/08/04 03:11:00.377, NVIDIA GeForce RTX 4090, 93 %, 51 %, 19206 MiB, 49140 MiB, 404.77 W
2026/08/04 03:11:01.378, NVIDIA GeForce RTX 4090, 95 %, 46 %, 19206 MiB, 49140 MiB, 407.38 W
2026/08/04 03:11:02.380, NVIDIA GeForce RTX 4090, 95 %, 38 %, 19206 MiB, 49140 MiB, 409.04 W
2026/08/04 03:11:03.381, NVIDIA GeForce RTX 4090, 96 %, 34 %, 19206 MiB, 49140 MiB, 411.71 W
2026/08/04 03:11:04.384, NVIDIA GeForce RTX 4090, 97 %, 32 %, 19206 MiB, 49140 MiB, 410.39 W
2026/08/04 03:11:05.384, NVIDIA GeForce RTX 4090, 98 %, 34 %, 19206 MiB, 49140 MiB, 409.12 W
2026/08/04 03:11:06.388, NVIDIA GeForce RTX 4090, 99 %, 42 %, 19206 MiB, 49140 MiB, 410.63 W
2026/08/04 03:11:07.389, NVIDIA GeForce RTX 4090, 99 %, 50 %, 19206 MiB, 49140 MiB, 409.47 W
2026/08/04 03:11:08.392, NVIDIA GeForce RTX 4090, 96 %, 56 %, 19206 MiB, 49140 MiB, 408.85 W
2026/08/04 03:11:09.396, NVIDIA GeForce RTX 4090, 90 %, 53 %, 19206 MiB, 49140 MiB, 409.33 W
2026/08/04 03:11:10.397, NVIDIA GeForce RTX 4090, 91 %, 52 %, 19206 MiB, 49140 MiB, 391.75 W
2026/08/04 03:11:11.397, NVIDIA GeForce RTX 4090, 100 %, 54 %, 19206 MiB, 49140 MiB, 407.51 W
2026/08/04 03:11:12.398, NVIDIA GeForce RTX 4090, 0 %, 0 %, 19206 MiB, 49140 MiB, 148.21 W
2026/08/04 03:11:13.398, NVIDIA GeForce RTX 4090, 0 %, 0 %, 19206 MiB, 49140 MiB, 95.82 W
2026/08/04 03:11:14.398, NVIDIA GeForce RTX 4090, 0 %, 0 %, 19206 MiB, 49140 MiB, 79.52 W
2026/08/04 03:11:15.399, NVIDIA GeForce RTX 4090, 99 %, 40 %, 19206 MiB, 49140 MiB, 343.26 W
2026/08/04 03:11:16.399, NVIDIA GeForce RTX 4090, 99 %, 50 %, 19206 MiB, 49140 MiB, 408.95 W
2026/08/04 03:11:17.400, NVIDIA GeForce RTX 4090, 95 %, 55 %, 19206 MiB, 49140 MiB, 405.43 W
2026/08/04 03:11:18.401, NVIDIA GeForce RTX 4090, 88 %, 48 %, 19206 MiB, 49140 MiB, 409.75 W
2026/08/04 03:11:19.404, NVIDIA GeForce RTX 4090, 89 %, 49 %, 19206 MiB, 49140 MiB, 405.32 W
2026/08/04 03:11:20.405, NVIDIA GeForce RTX 4090, 91 %, 44 %, 19206 MiB, 49140 MiB, 407.41 W
2026/08/04 03:11:21.408, NVIDIA GeForce RTX 4090, 94 %, 40 %, 19206 MiB, 49140 MiB, 410.06 W
2026/08/04 03:11:22.409, NVIDIA GeForce RTX 4090, 96 %, 34 %, 19206 MiB, 49140 MiB, 408.85 W
2026/08/04 03:11:23.411, NVIDIA GeForce RTX 4090, 97 %, 32 %, 19206 MiB, 49140 MiB, 410.02 W
2026/08/04 03:11:24.411, NVIDIA GeForce RTX 4090, 98 %, 34 %, 19206 MiB, 49140 MiB, 409.31 W
2026/08/04 03:11:25.412, NVIDIA GeForce RTX 4090, 99 %, 38 %, 19206 MiB, 49140 MiB, 410.53 W
2026/08/04 03:11:26.413, NVIDIA GeForce RTX 4090, 99 %, 50 %, 19206 MiB, 49140 MiB, 412.05 W
2026/08/04 03:11:27.416, NVIDIA GeForce RTX 4090, 95 %, 55 %, 19206 MiB, 49140 MiB, 409.99 W
2026/08/04 03:11:28.417, NVIDIA GeForce RTX 4090, 91 %, 53 %, 19206 MiB, 49140 MiB, 410.34 W
2026/08/04 03:11:29.420, NVIDIA GeForce RTX 4090, 89 %, 51 %, 19206 MiB, 49140 MiB, 406.14 W
2026/08/04 03:11:30.421, NVIDIA GeForce RTX 4090, 92 %, 48 %, 19206 MiB, 49140 MiB, 405.52 W
2026/08/04 03:11:31.424, NVIDIA GeForce RTX 4090, 95 %, 41 %, 19206 MiB, 49140 MiB, 411.07 W
2026/08/04 03:11:32.425, NVIDIA GeForce RTX 4090, 95 %, 34 %, 19206 MiB, 49140 MiB, 407.13 W
2026/08/04 03:11:33.425, NVIDIA GeForce RTX 4090, 96 %, 33 %, 19206 MiB, 49140 MiB, 410.10 W
2026/08/04 03:11:34.426, NVIDIA GeForce RTX 4090, 98 %, 33 %, 19206 MiB, 49140 MiB, 409.51 W
2026/08/04 03:11:35.428, NVIDIA GeForce RTX 4090, 98 %, 35 %, 19206 MiB, 49140 MiB, 408.43 W
2026/08/04 03:11:36.428, NVIDIA GeForce RTX 4090, 99 %, 45 %, 19206 MiB, 49140 MiB, 411.21 W
2026/08/04 03:11:37.432, NVIDIA GeForce RTX 4090, 99 %, 50 %, 19206 MiB, 49140 MiB, 409.14 W
2026/08/04 03:11:38.433, NVIDIA GeForce RTX 4090, 100 %, 53 %, 19206 MiB, 49140 MiB, 405.45 W
2026/08/04 03:11:39.435, NVIDIA GeForce RTX 4090, 98 %, 36 %, 19206 MiB, 49140 MiB, 408.39 W
2026/08/04 03:11:40.435, NVIDIA GeForce RTX 4090, 99 %, 44 %, 19206 MiB, 49140 MiB, 407.88 W
2026/08/04 03:11:41.440, NVIDIA GeForce RTX 4090, 100 %, 51 %, 19206 MiB, 49140 MiB, 409.20 W
2026/08/04 03:11:42.442, NVIDIA GeForce RTX 4090, 92 %, 51 %, 19206 MiB, 49140 MiB, 409.05 W
2026/08/04 03:11:43.444, NVIDIA GeForce RTX 4090, 91 %, 54 %, 19206 MiB, 49140 MiB, 404.27 W
2026/08/04 03:11:44.448, NVIDIA GeForce RTX 4090, 88 %, 49 %, 19206 MiB, 49140 MiB, 407.39 W
2026/08/04 03:11:45.452, NVIDIA GeForce RTX 4090, 93 %, 49 %, 19206 MiB, 49140 MiB, 407.09 W
2026/08/04 03:11:46.456, NVIDIA GeForce RTX 4090, 95 %, 41 %, 19206 MiB, 49140 MiB, 411.38 W
2026/08/04 03:11:47.459, NVIDIA GeForce RTX 4090, 96 %, 34 %, 19206 MiB, 49140 MiB, 411.18 W
2026/08/04 03:11:48.459, NVIDIA GeForce RTX 4090, 95 %, 32 %, 19206 MiB, 49140 MiB, 411.11 W
2026/08/04 03:11:49.460, NVIDIA GeForce RTX 4090, 98 %, 33 %, 19206 MiB, 49140 MiB, 408.52 W
2026/08/04 03:11:50.460, NVIDIA GeForce RTX 4090, 98 %, 37 %, 19206 MiB, 49140 MiB, 410.68 W
2026/08/04 03:11:51.460, NVIDIA GeForce RTX 4090, 99 %, 46 %, 19206 MiB, 49140 MiB, 412.36 W
2026/08/04 03:11:52.461, NVIDIA GeForce RTX 4090, 98 %, 54 %, 19206 MiB, 49140 MiB, 413.74 W
2026/08/04 03:11:53.464, NVIDIA GeForce RTX 4090, 91 %, 54 %, 19206 MiB, 49140 MiB, 406.34 W
2026/08/04 03:11:54.467, NVIDIA GeForce RTX 4090, 91 %, 51 %, 19206 MiB, 49140 MiB, 409.49 W
2026/08/04 03:11:55.468, NVIDIA GeForce RTX 4090, 94 %, 46 %, 19206 MiB, 49140 MiB, 408.87 W
2026/08/04 03:11:56.469, NVIDIA GeForce RTX 4090, 94 %, 40 %, 19206 MiB, 49140 MiB, 408.08 W
2026/08/04 03:11:57.469, NVIDIA GeForce RTX 4090, 96 %, 34 %, 19206 MiB, 49140 MiB, 406.05 W
2026/08/04 03:11:58.469, NVIDIA GeForce RTX 4090, 97 %, 32 %, 19206 MiB, 49140 MiB, 410.78 W
2026/08/04 03:11:59.470, NVIDIA GeForce RTX 4090, 98 %, 34 %, 19206 MiB, 49140 MiB, 410.03 W
2026/08/04 03:12:00.470, NVIDIA GeForce RTX 4090, 99 %, 40 %, 19206 MiB, 49140 MiB, 406.98 W
2026/08/04 03:12:01.471, NVIDIA GeForce RTX 4090, 99 %, 50 %, 19206 MiB, 49140 MiB, 410.60 W
2026/08/04 03:12:02.471, NVIDIA GeForce RTX 4090, 96 %, 56 %, 19206 MiB, 49140 MiB, 411.56 W
2026/08/04 03:12:03.472, NVIDIA GeForce RTX 4090, 0 %, 0 %, 19206 MiB, 49140 MiB, 298.44 W
2026/08/04 03:12:04.472, NVIDIA GeForce RTX 4090, 0 %, 0 %, 19206 MiB, 49140 MiB, 99.93 W
2026/08/04 03:12:05.473, NVIDIA GeForce RTX 4090, 0 %, 0 %, 19206 MiB, 49140 MiB, 90.38 W
2026/08/04 03:12:06.476, NVIDIA GeForce RTX 4090, 99 %, 50 %, 19206 MiB, 49140 MiB, 218.01 W
2026/08/04 03:12:07.477, NVIDIA GeForce RTX 4090, 92 %, 51 %, 19206 MiB, 49140 MiB, 407.06 W
2026/08/04 03:12:08.477, NVIDIA GeForce RTX 4090, 89 %, 52 %, 19206 MiB, 49140 MiB, 407.79 W
2026/08/04 03:12:09.480, NVIDIA GeForce RTX 4090, 89 %, 47 %, 19206 MiB, 49140 MiB, 408.23 W
2026/08/04 03:12:10.481, NVIDIA GeForce RTX 4090, 92 %, 47 %, 19206 MiB, 49140 MiB, 406.55 W
2026/08/04 03:12:11.484, NVIDIA GeForce RTX 4090, 94 %, 44 %, 19206 MiB, 49140 MiB, 403.48 W
2026/08/04 03:12:12.488, NVIDIA GeForce RTX 4090, 95 %, 37 %, 19206 MiB, 49140 MiB, 409.69 W
2026/08/04 03:12:13.490, NVIDIA GeForce RTX 4090, 95 %, 34 %, 19206 MiB, 49140 MiB, 408.99 W
2026/08/04 03:12:14.490, NVIDIA GeForce RTX 4090, 97 %, 32 %, 19206 MiB, 49140 MiB, 408.95 W
2026/08/04 03:12:15.490, NVIDIA GeForce RTX 4090, 98 %, 34 %, 19206 MiB, 49140 MiB, 408.74 W
2026/08/04 03:12:16.492, NVIDIA GeForce RTX 4090, 99 %, 36 %, 19206 MiB, 49140 MiB, 410.05 W
2026/08/04 03:12:17.496, NVIDIA GeForce RTX 4090, 99 %, 46 %, 19206 MiB, 49140 MiB, 410.61 W
2026/08/04 03:12:18.497, NVIDIA GeForce RTX 4090, 99 %, 53 %, 19206 MiB, 49140 MiB, 410.58 W
2026/08/04 03:12:19.499, NVIDIA GeForce RTX 4090, 91 %, 53 %, 19206 MiB, 49140 MiB, 408.50 W
2026/08/04 03:12:20.499, NVIDIA GeForce RTX 4090, 87 %, 48 %, 19206 MiB, 49140 MiB, 407.19 W
2026/08/04 03:12:21.500, NVIDIA GeForce RTX 4090, 88 %, 46 %, 19206 MiB, 49140 MiB, 401.45 W
2026/08/04 03:12:22.500, NVIDIA GeForce RTX 4090, 89 %, 44 %, 19206 MiB, 49140 MiB, 403.30 W
2026/08/04 03:12:23.501, NVIDIA GeForce RTX 4090, 93 %, 41 %, 19206 MiB, 49140 MiB, 404.25 W
2026/08/04 03:12:24.501, NVIDIA GeForce RTX 4090, 95 %, 35 %, 19206 MiB, 49140 MiB, 408.82 W
2026/08/04 03:12:25.504, NVIDIA GeForce RTX 4090, 96 %, 33 %, 19206 MiB, 49140 MiB, 406.39 W
2026/08/04 03:12:26.505, NVIDIA GeForce RTX 4090, 97 %, 33 %, 19206 MiB, 49140 MiB, 407.61 W
2026/08/04 03:12:27.505, NVIDIA GeForce RTX 4090, 98 %, 34 %, 19206 MiB, 49140 MiB, 405.30 W
2026/08/04 03:12:28.506, NVIDIA GeForce RTX 4090, 99 %, 38 %, 19206 MiB, 49140 MiB, 410.60 W
2026/08/04 03:12:29.506, NVIDIA GeForce RTX 4090, 99 %, 46 %, 19206 MiB, 49140 MiB, 410.16 W
2026/08/04 03:12:30.506, NVIDIA GeForce RTX 4090, 100 %, 56 %, 19206 MiB, 49140 MiB, 407.84 W
2026/08/04 03:12:31.507, NVIDIA GeForce RTX 4090, 98 %, 34 %, 19206 MiB, 49140 MiB, 405.45 W
2026/08/04 03:12:32.508, NVIDIA GeForce RTX 4090, 98 %, 38 %, 19206 MiB, 49140 MiB, 409.05 W
2026/08/04 03:12:33.508, NVIDIA GeForce RTX 4090, 99 %, 43 %, 19206 MiB, 49140 MiB, 407.52 W
2026/08/04 03:12:34.509, NVIDIA GeForce RTX 4090, 99 %, 50 %, 19206 MiB, 49140 MiB, 407.25 W
2026/08/04 03:12:35.509, NVIDIA GeForce RTX 4090, 91 %, 50 %, 19206 MiB, 49140 MiB, 406.80 W
2026/08/04 03:12:36.509, NVIDIA GeForce RTX 4090, 90 %, 52 %, 19206 MiB, 49140 MiB, 405.97 W
2026/08/04 03:12:37.510, NVIDIA GeForce RTX 4090, 88 %, 50 %, 19206 MiB, 49140 MiB, 403.95 W
2026/08/04 03:12:38.510, NVIDIA GeForce RTX 4090, 92 %, 49 %, 19206 MiB, 49140 MiB, 403.00 W
2026/08/04 03:12:39.511, NVIDIA GeForce RTX 4090, 95 %, 46 %, 19206 MiB, 49140 MiB, 407.70 W
2026/08/04 03:12:40.516, NVIDIA GeForce RTX 4090, 96 %, 38 %, 19206 MiB, 49140 MiB, 409.55 W
2026/08/04 03:12:41.517, NVIDIA GeForce RTX 4090, 96 %, 34 %, 19206 MiB, 49140 MiB, 410.21 W
2026/08/04 03:12:42.517, NVIDIA GeForce RTX 4090, 97 %, 32 %, 19206 MiB, 49140 MiB, 408.34 W
2026/08/04 03:12:43.517, NVIDIA GeForce RTX 4090, 97 %, 34 %, 19206 MiB, 49140 MiB, 406.56 W
2026/08/04 03:12:44.518, NVIDIA GeForce RTX 4090, 94 %, 33 %, 19206 MiB, 49140 MiB, 400.50 W
2026/08/04 03:12:45.519, NVIDIA GeForce RTX 4090, 98 %, 37 %, 19206 MiB, 49140 MiB, 407.93 W
2026/08/04 03:12:46.520, NVIDIA GeForce RTX 4090, 99 %, 46 %, 19206 MiB, 49140 MiB, 411.62 W
2026/08/04 03:12:47.524, NVIDIA GeForce RTX 4090, 99 %, 55 %, 19206 MiB, 49140 MiB, 412.26 W
2026/08/04 03:12:48.525, NVIDIA GeForce RTX 4090, 88 %, 50 %, 19206 MiB, 49140 MiB, 403.96 W
2026/08/04 03:12:49.532, NVIDIA GeForce RTX 4090, 88 %, 51 %, 19206 MiB, 49140 MiB, 405.57 W
2026/08/04 03:12:50.536, NVIDIA GeForce RTX 4090, 88 %, 47 %, 19206 MiB, 49140 MiB, 404.77 W
2026/08/04 03:12:51.538, NVIDIA GeForce RTX 4090, 92 %, 46 %, 19206 MiB, 49140 MiB, 408.63 W
2026/08/04 03:12:52.538, NVIDIA GeForce RTX 4090, 96 %, 40 %, 19206 MiB, 49140 MiB, 410.68 W
2026/08/04 03:12:53.539, NVIDIA GeForce RTX 4090, 96 %, 34 %, 19206 MiB, 49140 MiB, 410.94 W
2026/08/04 03:12:54.539, NVIDIA GeForce RTX 4090, 97 %, 33 %, 19206 MiB, 49140 MiB, 411.90 W
2026/08/04 03:12:55.540, NVIDIA GeForce RTX 4090, 0 %, 0 %, 19206 MiB, 49140 MiB, 348.17 W
2026/08/04 03:12:56.540, NVIDIA GeForce RTX 4090, 0 %, 0 %, 19206 MiB, 49140 MiB, 99.99 W
2026/08/04 03:12:57.541, NVIDIA GeForce RTX 4090, 1 %, 0 %, 19206 MiB, 49140 MiB, 94.85 W
2026/08/04 03:12:58.541, NVIDIA GeForce RTX 4090, 0 %, 0 %, 19206 MiB, 49140 MiB, 80.77 W
2026/08/04 03:12:59.541, NVIDIA GeForce RTX 4090, 0 %, 0 %, 19206 MiB, 49140 MiB, 80.33 W
2026/08/04 03:13:00.543, NVIDIA GeForce RTX 4090, 0 %, 0 %, 19206 MiB, 49140 MiB, 79.02 W
2026/08/04 03:13:01.543, NVIDIA GeForce RTX 4090, 0 %, 0 %, 19206 MiB, 49140 MiB, 78.61 W
2026/08/04 03:13:02.543, NVIDIA GeForce RTX 4090, 0 %, 0 %, 19206 MiB, 49140 MiB, 78.16 W
2026/08/04 03:13:03.543, NVIDIA GeForce RTX 4090, 0 %, 0 %, 19206 MiB, 49140 MiB, 77.82 W
2026/08/04 03:13:04.544, NVIDIA GeForce RTX 4090, 0 %, 0 %, 19206 MiB, 49140 MiB, 77.46 W
2026/08/04 03:13:05.544, NVIDIA GeForce RTX 4090, 0 %, 0 %, 19206 MiB, 49140 MiB, 77.13 W
2026/08/04 03:13:06.545, NVIDIA GeForce RTX 4090, 0 %, 0 %, 19206 MiB, 49140 MiB, 76.87 W
2026/08/04 03:13:07.545, NVIDIA GeForce RTX 4090, 0 %, 0 %, 19206 MiB, 49140 MiB, 76.54 W
2026/08/04 03:13:08.545, NVIDIA GeForce RTX 4090, 0 %, 0 %, 19206 MiB, 49140 MiB, 76.18 W
2026/08/04 03:13:09.545, NVIDIA GeForce RTX 4090, 0 %, 0 %, 19206 MiB, 49140 MiB, 75.96 W
2026/08/04 03:13:10.548, NVIDIA GeForce RTX 4090, 0 %, 0 %, 19206 MiB, 49140 MiB, 75.74 W
2026/08/04 03:13:11.549, NVIDIA GeForce RTX 4090, 0 %, 0 %, 19206 MiB, 49140 MiB, 75.54 W
2026/08/04 03:13:12.549, NVIDIA GeForce RTX 4090, 0 %, 0 %, 19206 MiB, 49140 MiB, 75.24 W
2026/08/04 03:13:13.551, NVIDIA GeForce RTX 4090, 0 %, 0 %, 19206 MiB, 49140 MiB, 74.93 W
2026/08/04 03:13:14.551, NVIDIA GeForce RTX 4090, 0 %, 0 %, 19206 MiB, 49140 MiB, 74.60 W
2026/08/04 03:13:15.552, NVIDIA GeForce RTX 4090, 0 %, 0 %, 19206 MiB, 49140 MiB, 66.05 W
2026/08/04 03:13:16.552, NVIDIA GeForce RTX 4090, 0 %, 0 %, 19206 MiB, 49140 MiB, 32.23 W
