scenario,case,elapsed_seconds,psnr_db,frames,spec_pass
unitree_g1_pack_camera,case1,400.37203830480576,32.13526306814451,176,True
unitree_g1_pack_camera,case2,331.98400040715933,32.823135999018064,176,True
unitree_g1_pack_camera,case3,332.5695211403072,36.87691117389267,176,True
unitree_g1_pack_camera,case4,339.94229919090867,35.06018421977733,176,True
unitree_z1_dual_arm_cleanup_pencils,case1,247.7519113905728,39.6650236837759,128,True
unitree_z1_dual_arm_cleanup_pencils,case2,243.43117209151387,46.054710031971325,128,True
unitree_z1_dual_arm_cleanup_pencils,case3,242.72565834596753,42.321849341829235,128,True
unitree_z1_dual_arm_cleanup_pencils,case4,242.86294427886605,45.14079077822657,128,True
unitree_z1_dual_arm_stackbox,case1,211.2878328934312,39.23600760212554,112,True
unitree_z1_dual_arm_stackbox,case2,213.2036330513656,43.2793717060415,112,True
unitree_z1_dual_arm_stackbox,case3,211.89750355109572,38.69551324756935,112,True
unitree_z1_dual_arm_stackbox,case4,212.17664581537247,41.919336576951686,112,True
unitree_z1_dual_arm_stackbox_v2,case1,448.1442224122584,25.82416722996686,176,True
unitree_z1_dual_arm_stackbox_v2,case2,332.1542080268264,33.06194627563789,176,True
unitree_z1_dual_arm_stackbox_v2,case3,332.6489340662956,26.967640230287692,176,True
unitree_z1_dual_arm_stackbox_v2,case4,336.40692100673914,37.08983027176369,176,True
unitree_z1_stackbox,case1,364.827254217118,41.80635662342495,192,True
unitree_z1_stackbox,case2,363.06742544844747,37.366399441181706,192,True
unitree_z1_stackbox,case3,361.8082965500653,46.48753820510583,192,True
unitree_z1_stackbox,case4,364.19320541247725,46.97449011116993,192,True
